Stocks,Final Value,Maximum Drawdown,Volatility,Sharpe Ratio,Sortino Ratio
"['GOOGL', 'NVDA', 'JPM', 'PG', 'KO']",44982.07580615874,-0.3644855473078237,0.24571446457575397,1.217437919157103,2.1532679492089644
"['AAPL', 'NVDA', 'JPM', 'PG', 'KO']",44542.28194676613,-0.340358932709003,0.24716091279708108,1.2031743748997703,2.2806948316406874
"['MSFT', 'NVDA', 'JPM', 'PG', 'KO']",44661.87666552924,-0.36045884843817516,0.24761653326144956,1.2031571737666764,2.27206426385296
"['NVDA', 'JPM', 'V', 'PG', 'KO']",43918.6983612989,-0.3463358733768072,0.24433454703131857,1.2018211364093434,2.388135343777918
"['AAPL', 'GOOGL', 'NVDA', 'JPM', 'KO']",46544.99865718154,-0.35677903839831326,0.2591721352766601,1.1951778754451847,2.0057582912867553
"['GOOGL', 'NVDA', 'JPM', 'V', 'KO']",45921.41507171431,-0.3648453291403502,0.2565749117439365,1.1933781417468703,2.083674246503913
"['MSFT', 'GOOGL', 'NVDA', 'JPM', 'KO']",46664.59337594465,-0.3819558745343471,0.26044803409845824,1.1922257163934895,2.0229630569185955
"['MSFT', 'NVDA', 'JPM', 'V', 'KO']",45601.215931084815,-0.3609545359572633,0.25732796259410073,1.1842807881250224,2.3053586160368384
"['AAPL', 'MSFT', 'NVDA', 'JPM', 'KO']",46224.79951655204,-0.35289946637090713,0.26076248041654504,1.1832129984316806,2.1280503653010734
"['GOOGL', 'NVDA', 'JPM', 'V', 'PG', 'KO']",40635.91480423873,-0.345055916963081,0.23252111206897275,1.1823256548760335,2.1984876796404564
"['AAPL', 'GOOGL', 'NVDA', 'JPM', 'PG', 'KO']",41155.56779212809,-0.3402363044644343,0.23570077532886177,1.1810482866266172,2.051970571564883
"['AAPL', 'GOOGL', 'NVDA', 'JPM', 'PG']",46159.286633380034,-0.3785107660878229,0.26128683733596175,1.1809356827062145,1.9436956199099096
"['AAPL', 'NVDA', 'JPM', 'V', 'KO']",45481.621212321705,-0.33750334337682303,0.257831020106296,1.1806187073340497,2.2856326741599977
"['GOOGL', 'NVDA', 'JPM', 'V', 'PG']",45535.70304791281,-0.38842933968935733,0.2583312777169615,1.1801646806498136,2.044731638092104
"['MSFT', 'GOOGL', 'NVDA', 'JPM', 'PG', 'KO']",41255.23005776401,-0.3560544898531531,0.23670875356480278,1.1786739237946968,2.065544569764319
"['MSFT', 'GOOGL', 'NVDA', 'JPM', 'PG']",46278.881352143144,-0.4040086649332973,0.26290251042135787,1.1768730287991687,1.979836798792172
"['MSFT', 'NVDA', 'JPM', 'V', 'PG', 'KO']",40369.08218704748,-0.34007386840994924,0.23393595523350053,1.1700971251180399,2.340339849966214
"['MSFT', 'NVDA', 'JPM', 'V', 'PG']",45215.50390728331,-0.38554517716100634,0.25962110369914426,1.1691712516301453,2.2424962084558
"['GOOGL', 'NVDA', 'V', 'PG', 'KO']",43149.659388468535,-0.3459933704014562,0.24933313650566147,1.1681434251384837,2.2602763056069777
"['AAPL', 'MSFT', 'NVDA', 'JPM', 'PG']",45839.087492750536,-0.37548302178883886,0.26333984876597744,1.167488428849933,2.100374300181319
"['AAPL', 'MSFT', 'NVDA', 'JPM', 'PG', 'KO']",40888.73517493683,-0.33545561062007406,0.2376560341970897,1.166943989006752,2.196516670069428
"['AAPL', 'NVDA', 'JPM', 'V', 'PG']",45095.9091885202,-0.36205961567983164,0.2598605444869046,1.1665247904512686,2.2263625356566625
"['AAPL', 'NVDA', 'JPM', 'V', 'PG', 'KO']",40269.41992141156,-0.32331993259826647,0.23437383583280202,1.166524482067231,2.2999455528953723
"['MSFT', 'GOOGL', 'NVDA', 'JPM', 'V', 'KO']",42038.01277906032,-0.3545410186742008,0.24548108257660153,1.1612032545595419,2.0295133680184945
"['AAPL', 'GOOGL', 'NVDA', 'JPM', 'V', 'KO']",41938.3505134244,-0.33789810824232897,0.24517585503532116,1.1606380973467605,2.011854581434079
"['AAPL', 'GOOGL', 'NVDA', 'PG', 'KO']",43773.24297393576,-0.3402650193535467,0.2548784681275872,1.1600077544957559,2.1483933215021236
"['AAPL', 'MSFT', 'GOOGL', 'NVDA', 'JPM', 'KO']",42557.66576694968,-0.3486780088571346,0.2488966483133717,1.1591504006233635,1.9511622772036386
"['MSFT', 'GOOGL', 'NVDA', 'PG', 'KO']",43892.83769269887,-0.35889153896375153,0.25617448019761113,1.1570293297897234,2.1794100293023715
"['AAPL', 'GOOGL', 'NVDA', 'JPM', 'V']",47098.62589893561,-0.3793298457860931,0.2736242119837944,1.1549844941483143,1.9073467253572731
"['AAPL', 'MSFT', 'GOOGL', 'NVDA', 'JPM']",47841.80420316594,-0.3945547075927379,0.27741904952352175,1.154696449748806,1.918904217190331
"['MSFT', 'GOOGL', 'NVDA', 'JPM', 'V']",47218.22061769872,-0.4053819789655999,0.27444183329896876,1.1540579629069116,1.9488284454873612
"['MSFT', 'NVDA', 'V', 'PG', 'KO']",42829.46024783903,-0.3400747287206984,0.25212569061564993,1.1510441349458334,2.5133423975078912
"['MSFT', 'GOOGL', 'NVDA', 'JPM', 'V', 'PG', 'KO']",38062.3557344604,-0.3400068787183124,0.2257369291950127,1.1508637085920423,2.091359776205677
"['AAPL', 'MSFT', 'NVDA', 'JPM', 'V', 'KO']",41671.51789623314,-0.3329243918915488,0.24633762496510417,1.150349465774093,2.2026336209161426
"['AAPL', 'GOOGL', 'NVDA', 'JPM', 'V', 'PG', 'KO']",37976.93093534389,-0.32597418605747286,0.22552980633702271,1.1500026400335717,2.0487847987330863
"['AAPL', 'GOOGL', 'NVDA', 'JPM', 'V', 'PG']",41616.92382692314,-0.35799750305008315,0.24652846433647782,1.14911484685272,1.9816552823681985
"['MSFT', 'GOOGL', 'NVDA', 'JPM', 'V', 'PG']",41716.58609255907,-0.37466488289168426,0.24707086035126477,1.1488016702912156,1.9903809535599994
"['AAPL', 'MSFT', 'GOOGL', 'NVDA', 'JPM', 'PG', 'KO']",38507.7725812227,-0.3361121841489063,0.2293761417799706,1.1469674465935737,2.0419545701002373
"['AAPL', 'NVDA', 'V', 'PG', 'KO']",42709.86552907592,-0.3201368960262702,0.25290112448041324,1.1464594474075749,2.4386523584377495
"['AAPL', 'MSFT', 'GOOGL', 'NVDA', 'JPM', 'PG']",42236.239080448424,-0.367833484675837,0.25073349350363905,1.1461617315711337,1.9928034120125624
"['AAPL', 'MSFT', 'NVDA', 'JPM', 'V']",46778.42675830611,-0.37626916028080104,0.27480952031851147,1.1453277941972613,2.113064027413154
"['MSFT', 'GOOGL', 'NVDA', 'V', 'KO']",44832.176958254444,-0.35682043522187085,0.2650298259003123,1.143943483896786,2.058970857275668
"['AMZN', 'NVDA', 'JPM', 'PG', 'KO']",43110.10668827173,-0.37176736344321987,0.25606130546796096,1.1432888006655302,2.005398040503837
"['AAPL', 'GOOGL', 'NVDA', 'V', 'KO']",44712.582239491334,-0.3375146766046443,0.2647103785593538,1.1432878797605466,2.121485073572606
"['AAPL', 'MSFT', 'NVDA', 'PG', 'KO']",43453.04383330626,-0.3346283631536637,0.2584771711868294,1.1407223823952974,2.412371108545296
"['AAPL', 'MSFT', 'NVDA', 'JPM', 'V', 'PG', 'KO']",37748.217263465674,-0.32117673637224226,0.22708932561571116,1.137612707735538,2.1542738969096846
"['AAPL', 'MSFT', 'NVDA', 'JPM', 'V', 'PG']",41350.09120973189,-0.35376525790932944,0.2480586835428539,1.1375415031705927,2.1419664390993662
"['AAPL', 'MSFT', 'GOOGL', 'NVDA', 'KO']",45455.76054372167,-0.35011797347246665,0.27054127769435254,1.1367280853696757,2.047596995261399
"['MSFT', 'GOOGL', 'NVDA', 'V', 'PG', 'KO']",39728.21637635551,-0.339996941333358,0.2401220570966378,1.1321783137809553,2.2099067438361275
"['AAPL', 'MSFT', 'GOOGL', 'NVDA', 'JPM', 'V', 'KO']",39178.72919947668,-0.33399533611977733,0.23728908914763713,1.1316283297761633,1.9679957637050316
"['GOOGL', 'AMZN', 'NVDA', 'JPM', 'KO']",45112.82339868715,-0.39312186514353215,0.2707099166012782,1.1314357312861598,1.805513234405759
"['AAPL', 'GOOGL', 'NVDA', 'V', 'PG', 'KO']",39628.55411071958,-0.3237975268509537,0.23991272007388487,1.131233836747643,2.138791180684112
"['AAPL', 'MSFT', 'NVDA', 'V', 'KO']",44392.383098861836,-0.33160881224520433,0.2671582207844087,1.128935675170667,2.363407317065872
"['AAPL', 'GOOGL', 'NVDA', 'V', 'PG']",44326.87021568983,-0.36114913228979817,0.26710526199411827,1.1285289923748516,2.0903892569061857
"['MSFT', 'GOOGL', 'NVDA', 'V', 'PG']",44446.46493445294,-0.38084616966558665,0.26776901555740173,1.1280525487412683,2.1150030837172893
"['AAPL', 'MSFT', 'GOOGL', 'NVDA', 'JPM', 'V']",43019.02180174473,-0.3675606750156222,0.2606734036326363,1.1268401543627478,1.882612815364821
"['GOOGL', 'AMZN', 'NVDA', 'JPM', 'PG', 'KO']",39962.08841004942,-0.3632597867682271,0.24360606136390658,1.125238074854001,1.845084591592735
"['MSFT', 'AMZN', 'NVDA', 'JPM', 'KO']",44792.624258057636,-0.3905029642823148,0.2710123167004036,1.1242376109956629,2.0105137428621367
"['AAPL', 'MSFT', 'GOOGL', 'NVDA', 'PG', 'KO']",40247.86936424486,-0.3355294488027275,0.24567978928976777,1.1231124141876703,2.1354249370251903
"['AMZN', 'NVDA', 'JPM', 'V', 'KO']",44049.4459538273,-0.3725551407442087,0.26749546658606266,1.1225193341609243,2.0009713511625677
"['AAPL', 'MSFT', 'GOOGL', 'NVDA', 'JPM', 'V', 'PG', 'KO']",36057.43973289969,-0.323830433871592,0.220609965029309,1.1218978502140322,2.048135807644856
"['AAPL', 'AMZN', 'NVDA', 'JPM', 'KO']",44673.02953929454,-0.3631966552297344,0.2714517913484653,1.1209808455244024,1.9425308564928547
"['AAPL', 'MSFT', 'GOOGL', 'NVDA', 'JPM', 'V', 'PG']",38903.22061104703,-0.35153531464441506,0.23853243385227166,1.1208068798006077,1.968151466812009
"['AAPL', 'MSFT', 'GOOGL', 'NVDA', 'PG']",45070.048519920165,-0.37245792879358497,0.27355710270611255,1.1205443825696895,2.035856006295188
"['AMZN', 'NVDA', 'JPM', 'V', 'PG', 'KO']",39075.94053933289,-0.3433610044704124,0.2405976231974504,1.116349424375551,2.029556389243334
"['GOOGL', 'AMZN', 'NVDA', 'JPM', 'PG']",44727.111374885644,-0.4159441884989874,0.2734916909240832,1.1160866968614827,1.7789031426199056
"['MSFT', 'AMZN', 'NVDA', 'JPM', 'PG', 'KO']",39695.255792858174,-0.3598638433723119,0.24455148716817907,1.1154396466774732,2.0112368313721083
"['AAPL', 'MSFT', 'NVDA', 'V', 'PG', 'KO']",39361.721493528334,-0.31815088213501475,0.2426288559731195,1.1148685240901568,2.324905625847036
"['AAPL', 'MSFT', 'NVDA', 'V', 'PG']",44006.67107506033,-0.3562752004772149,0.27005087502286057,1.1128015495226802,2.2822217807097784
"['AAPL', 'AMZN', 'NVDA', 'JPM', 'PG', 'KO']",39595.59352722225,-0.33829464313895513,0.2449273286066778,1.1122920782926826,2.0406567231472015
"['AAPL', 'MSFT', 'GOOGL', 'NVDA', 'V', 'KO']",41030.65208554117,-0.33308119659164814,0.2537022281921615,1.1113361654092613,2.0646619152611496
"['MSFT', 'AMZN', 'NVDA', 'JPM', 'PG']",44406.91223425613,-0.4142667453429898,0.274334219755277,1.1072365831119693,1.8911691034261509
"['AMZN', 'NVDA', 'JPM', 'V', 'PG']",43663.733930025795,-0.3981068089688105,0.2702137626689193,1.1070513341852606,1.9415694488317317
"['GOOGL', 'AMZN', 'NVDA', 'JPM', 'V', 'KO']",40744.87113134573,-0.36373280824472703,0.25360577118210365,1.106659511010482,1.8372769572264844
"['AAPL', 'AMZN', 'NVDA', 'JPM', 'PG']",44287.317515493036,-0.3865883138855572,0.2744287701238583,1.1051185038561342,1.9387122406276875
"['MSFT', 'GOOGL', 'AMZN', 'NVDA', 'JPM', 'KO']",41364.18638487101,-0.37896297076612245,0.2578414027524162,1.1047186385821863,1.7847514945944094
"['AAPL', 'GOOGL', 'AMZN', 'NVDA', 'JPM', 'KO']",41264.52411923509,-0.3566460204135926,0.2574302041106501,1.1043667574108973,1.7520784358396289
"['AAPL', 'MSFT', 'GOOGL', 'NVDA', 'V']",46009.38778547574,-0.3719175993799668,0.2841565285258451,1.1042661546249695,1.976887679746888
"['GOOGL', 'AMZN', 'NVDA', 'JPM', 'V', 'PG', 'KO']",36953.948607847895,-0.3427246414207526,0.23136904972796116,1.1021544045965095,1.8430037029877175
"['AAPL', 'MSFT', 'GOOGL', 'NVDA', 'V', 'PG', 'KO']",37198.903711443985,-0.3216528294703767,0.23320618952597097,1.1006714313328763,2.1412235584566517
"['MSFT', 'AMZN', 'NVDA', 'JPM', 'V', 'KO']",40478.03851415448,-0.36028574538797137,0.25367322020808847,1.1004365679216463,2.0073051674754656
"['MSFT', 'GOOGL', 'AMZN', 'NVDA', 'JPM', 'PG', 'KO']",37484.79025372671,-0.3543897527610802,0.23577499944284724,1.0983009686618659,1.7991165299289833
"['AAPL', 'MSFT', 'GOOGL', 'NVDA', 'V', 'PG']",40709.22539903992,-0.3532542941455175,0.2557526239620308,1.0979666603658502,2.0705036817661537
"['AAPL', 'GOOGL', 'AMZN', 'NVDA', 'JPM', 'PG', 'KO']",37399.3654546102,-0.3385165140303131,0.2354740714986262,1.0977113784885233,1.8291596864578192
"['GOOGL', 'AMZN', 'NVDA', 'PG', 'KO']",42341.067715441364,-0.36719465579014493,0.2654798644699408,1.0976165696187905,1.9627764247056896
"['AAPL', 'MSFT', 'AMZN', 'NVDA', 'JPM', 'KO']",40997.69150204384,-0.3532097901835085,0.25822863098559623,1.0958871917423887,1.9151438045584233
"['AAPL', 'AMZN', 'NVDA', 'JPM', 'V', 'KO']",40378.37624851856,-0.3361627485446919,0.25482157110688947,1.0947428968238402,1.9028539455295364
"['GOOGL', 'AMZN', 'NVDA', 'JPM', 'V', 'PG']",40423.44444484448,-0.38449584276038085,0.25546107134393453,1.0939843622404393,1.7681183033534038
"['MSFT', 'AMZN', 'NVDA', 'JPM', 'V', 'PG', 'KO']",36725.23493596968,-0.33818874088799744,0.232053884263408,1.0934625891049499,2.046344364482036
"['AAPL', 'GOOGL', 'AMZN', 'NVDA', 'JPM']",46290.03422590844,-0.405458274096251,0.28999204385158134,1.0933787488459836,1.720742090708895
"['GOOGL', 'AMZN', 'NVDA', 'JPM', 'V']",45666.45064044122,-0.4176305948608333,0.28681501212833277,1.0923957857143702,1.742689306799762
"['MSFT', 'GOOGL', 'AMZN', 'NVDA', 'JPM']",46409.62894467155,-0.43130381557644304,0.2910127568034274,1.0922926505534867,1.7581743668748426
"['AAPL', 'GOOGL', 'AMZN', 'NVDA', 'JPM', 'PG']",40943.09743273383,-0.3759597595423308,0.25952102608756483,1.0912527118847746,1.7435359784934654
"['AMZN', 'NVDA', 'V', 'PG', 'KO']",41277.69027058152,-0.3440433946783962,0.2611234548596791,1.0908882584333208,2.1375594657928954
"['MSFT', 'GOOGL', 'AMZN', 'NVDA', 'JPM', 'PG']",41042.75969836976,-0.39852994798322133,0.26021979478700663,1.0906857008881647,1.7477420969310842
"['AAPL', 'AMZN', 'NVDA', 'JPM', 'V', 'PG', 'KO']",36639.81013685317,-0.3232052255083996,0.2330396331064514,1.087988058367432,2.0235050895835953
"['AAPL', 'MSFT', 'AMZN', 'NVDA', 'JPM', 'PG', 'KO']",37170.651782731984,-0.3341516138953147,0.23665671369147998,1.087455590974199,1.9381428000484442
"['MSFT', 'AMZN', 'NVDA', 'JPM', 'V']",45346.251499811704,-0.4159852627851951,0.28668450062410283,1.0869844200319223,1.9099750539445566
"['MSFT', 'AMZN', 'NVDA', 'JPM', 'V', 'PG']",40156.61182765323,-0.38182502697711407,0.2559502442066138,1.0863493061936955,1.9235741225497895
"['AAPL', 'MSFT', 'AMZN', 'NVDA', 'JPM']",45969.835085278944,-0.40348199441224997,0.290846116533043,1.0853189168111776,1.837998582965286
"['MSFT', 'GOOGL', 'AMZN', 'NVDA', 'JPM', 'V', 'KO']",38155.746871980686,-0.35465002644650573,0.24401650877316522,1.0845130537350605,1.8054034964032164
"['MSFT', 'AMZN', 'NVDA', 'PG', 'KO']",42020.86857481186,-0.3633111071592412,0.2677836670890477,1.0836966359245268,2.1152552144007926
"['GOOGL', 'AMZN', 'NVDA', 'V', 'KO']",43280.40698099694,-0.3678487321465274,0.27607320152425563,1.0825749515633025,1.8589388628703039
"['AAPL', 'AMZN', 'NVDA', 'JPM', 'V']",45226.65678104861,-0.387652890571453,0.2876492680559346,1.0823257015037906,1.8843574007886017
"['AAPL', 'GOOGL', 'AMZN', 'NVDA', 'JPM', 'V', 'KO']",38070.322072864175,-0.33637166885329245,0.24429710000581853,1.0818266118929891,1.7594576783110316
"['AAPL', 'MSFT', 'AMZN', 'NVDA', 'JPM', 'PG']",40676.264815542585,-0.3731934189727716,0.26068983725218076,1.0816485701918441,1.87549284052361
"['AAPL', 'AMZN', 'NVDA', 'JPM', 'V', 'PG']",40056.949562017304,-0.35743939107765094,0.25686156556856266,1.081561250705898,1.9502287922292332
"['AAPL', 'AMZN', 'NVDA', 'PG', 'KO']",41901.273856048756,-0.3379606269953719,0.26819877804426656,1.0806409609302428,2.1414172705581427
"['AAPL', 'MSFT', 'GOOGL', 'AMZN', 'NVDA', 'JPM', 'KO']",38601.163718742995,-0.3490129070960708,0.24815771169871467,1.080313327881935,1.7221469674214518
"['MSFT', 'GOOGL', 'AMZN', 'NVDA', 'JPM', 'V', 'PG', 'KO']",35162.3301963407,-0.3384130396889233,0.22544703044862494,1.0793977101858134,1.8554624982139534
"['GOOGL', 'AMZN', 'NVDA', 'V', 'PG', 'KO']",38435.074728640924,-0.3431644517519329,0.2474081935893468,1.0784186577253492,1.963712818294845
"['AAPL', 'GOOGL', 'AMZN', 'NVDA', 'JPM', 'V', 'PG', 'KO']",35087.58349711375,-0.3256439040184502,0.22573281650669655,1.0766085513414831,1.8303290075030068
"['AAPL', 'GOOGL', 'AMZN', 'NVDA', 'KO']",43903.99056646417,-0.3591847026776332,0.2819636983023638,1.0762282910998064,1.8159129531231633
"['MSFT', 'GOOGL', 'AMZN', 'NVDA', 'KO']",44023.58528522728,-0.385513937190546,0.2826669173129451,1.0759484924492615,1.812591329481956
"['AAPL', 'MSFT', 'AMZN', 'NVDA', 'JPM', 'V', 'KO']",37841.60840098596,-0.33184790703582556,0.24485084517078815,1.0742982234685863,1.8875961524938778
"['AAPL', 'MSFT', 'GOOGL', 'AMZN', 'NVDA', 'JPM', 'PG', 'KO']",35552.06993725772,-0.33493876612494683,0.22966627481389723,1.0738050309860652,1.8238529317810575
"['MSFT', 'AMZN', 'NVDA', 'V', 'KO']",42960.20784036743,-0.36390013682155975,0.27706464286080656,1.0733719456707789,2.0367541829995663
"['MSFT', 'GOOGL', 'AMZN', 'NVDA', 'JPM', 'V']",41825.54241966607,-0.3996426116834966,0.270739070261718,1.0732334193031223,1.726915168903272
"['MSFT', 'GOOGL', 'AMZN', 'NVDA', 'JPM', 'V', 'PG']",37880.238283551036,-0.3726832523854855,0.24568387689683693,1.0726436545812246,1.7454761952186166
"['AAPL', 'GOOGL', 'AMZN', 'NVDA', 'JPM', 'V']",41725.88015403014,-0.37663915179742785,0.2706913414849896,1.0716355587584676,1.6954477531505792
"['AAPL', 'MSFT', 'GOOGL', 'AMZN', 'NVDA', 'JPM']",42345.19540755543,-0.39037037866077834,0.27463734049039984,1.0712551885447674,1.710059304655974
"['AAPL', 'GOOGL', 'AMZN', 'NVDA', 'JPM', 'V', 'PG']",37794.813484434526,-0.3545280427084575,0.24575274358318372,1.0707189319267283,1.7695050916539743
"['MSFT', 'GOOGL', 'AMZN', 'NVDA', 'PG', 'KO']",39054.3899821662,-0.35633123815869333,0.2539970713100188,1.0695759773225462,1.8768775389378338
"['AAPL', 'GOOGL', 'AMZN', 'NVDA', 'PG', 'KO']",38954.72771653027,-0.3382785896105274,0.253500892389297,1.0694866753273462,1.8898033643135361
"['AAPL', 'MSFT', 'GOOGL', 'AMZN', 'NVDA', 'JPM', 'PG']",38325.655130313346,-0.36594269863489937,0.24999190516748407,1.068230544940175,1.7082817953003033
"['AAPL', 'MSFT', 'AMZN', 'NVDA', 'JPM', 'V', 'PG', 'KO']",34887.459034220316,-0.32126942686133003,0.2266736269819997,1.0673681994774675,1.9652061025352872
"['AAPL', 'AMZN', 'NVDA', 'V', 'KO']",42840.61312160433,-0.335017538226892,0.27858823891273665,1.067085548154723,1.9659444768094434
"['GOOGL', 'AMZN', 'NVDA', 'V', 'PG']",42894.69495719543,-0.3925237705533212,0.27923331642064314,1.0666066360898352,1.839361642384548
"['MSFT', 'AMZN', 'NVDA', 'V', 'PG', 'KO']",38168.24211144967,-0.3378647610881453,0.2490123929048839,1.0665783928020514,2.16471486790005
"['AAPL', 'MSFT', 'AMZN', 'NVDA', 'JPM', 'V']",41459.047536838894,-0.37384384569035395,0.2711827347243806,1.0646700849123298,1.802183412741789
"['AAPL', 'MSFT', 'AMZN', 'NVDA', 'KO']",43583.791425834665,-0.35522868559192133,0.2840434066358681,1.0642745769065585,1.9628649808475553
"['AAPL', 'MSFT', 'AMZN', 'NVDA', 'JPM', 'V', 'PG']",37566.09981255631,-0.35060716059215175,0.24660996177087127,1.0621929339527127,1.897081308177017
"['AAPL', 'MSFT', 'GOOGL', 'AMZN', 'NVDA', 'JPM', 'V', 'KO']",36139.156978229956,-0.3329831252966819,0.2371384442703681,1.061667572924388,1.76274949153157
"['AAPL', 'AMZN', 'NVDA', 'V', 'PG', 'KO']",38068.57984581374,-0.3203851366327517,0.25028218222658505,1.0605697724010001,2.015985358665813
"['AAPL', 'GOOGL', 'AMZN', 'NVDA', 'PG']",43518.278542662665,-0.38183948981083854,0.28537238477940086,1.060155216611911,1.790079409855851
"['MSFT', 'GOOGL', 'AMZN', 'NVDA', 'V', 'KO']",39837.17270346251,-0.3566713608140903,0.26245273859227747,1.0593144906235241,1.825768631662096
"['MSFT', 'GOOGL', 'AMZN', 'NVDA', 'PG']",43637.873261425775,-0.40851775097930026,0.2865110568370401,1.058717751081697,1.80950741913137
"['AAPL', 'GOOGL', 'AMZN', 'NVDA', 'V', 'KO']",39737.51043782658,-0.335792158363294,0.2627385332920135,1.056693950823606,1.8385065316367062
"['AAPL', 'MSFT', 'GOOGL', 'AMZN', 'NVDA', 'JPM', 'V', 'PG', 'KO']",33702.40769918893,-0.32370322625574194,0.2212109516576502,1.056289326223582,1.790947571509166
"['AAPL', 'MSFT', 'AMZN', 'NVDA', 'PG', 'KO']",38687.895099339024,-0.33321156762796006,0.25580497858638546,1.0558919077689637,2.0027674891398997
"['MSFT', 'AMZN', 'NVDA', 'V', 'PG']",42574.495816565926,-0.38967929355566744,0.280800412206913,1.0558634672087952,2.038890296392613
"['TSLA', 'NVDA', 'JPM', 'PG', 'KO']",49763.25819305921,-0.42505040513485903,0.32236344240830495,1.0548841601783112,2.2784050849929405
"['MSFT', 'GOOGL', 'AMZN', 'NVDA', 'V', 'PG', 'KO']",36175.92138394799,-0.33817703336684685,0.23927812261738554,1.0543389203067108,1.9320180342669415
"['AAPL', 'MSFT', 'GOOGL', 'AMZN', 'NVDA', 'JPM', 'V']",38996.611748567324,-0.36637541160956705,0.2591778078346187,1.0532858229754118,1.6688637720102315
"['AAPL', 'MSFT', 'GOOGL', 'AMZN', 'NVDA', 'KO']",40356.82569135187,-0.3500491526653349,0.2683293837113087,1.0518733447607838,1.7728964686768292
"['AAPL', 'GOOGL', 'AMZN', 'NVDA', 'V', 'PG', 'KO']",36090.49658483148,-0.3236385609420825,0.23958296651805105,1.0515634309067512,1.856639882494162
"['AAPL', 'MSFT', 'GOOGL', 'AMZN', 'NVDA', 'JPM', 'V', 'PG']",35898.08696335402,-0.3490249664116578,0.2384656742184499,1.051241713619442,1.7143922716861064
"['AAPL', 'AMZN', 'NVDA', 'V', 'PG']",42454.901097802824,-0.3607843380055243,0.28197689819888383,1.0507514544244407,1.9987498386539877
"['GOOGL', 'TSLA', 'NVDA', 'JPM', 'KO']",51765.97490347462,-0.4602285354377848,0.3360068160971809,1.0500073727449013,2.0922189515897136
"['GOOGL', 'TSLA', 'NVDA', 'JPM', 'PG', 'KO']",45506.381330705655,-0.4187229533509793,0.30058880346547956,1.0491478273050197,2.0783161159888643
"['AAPL', 'MSFT', 'AMZN', 'NVDA', 'PG']",43198.07940203316,-0.378810756942712,0.28794759845254897,1.0470855284698695,1.950661044173925
"['AAPL', 'MSFT', 'AMZN', 'NVDA', 'V', 'KO']",39470.677820635334,-0.33051085911107525,0.26416932484025296,1.0464830952075812,1.9900022775805188
"['AAPL', 'MSFT', 'GOOGL', 'AMZN', 'NVDA', 'PG', 'KO']",36621.338230710295,-0.3342554741135216,0.24512979077823904,1.0452816093114916,1.8384611574548073
"['MSFT', 'GOOGL', 'AMZN', 'NVDA', 'V', 'PG']",39515.74601696125,-0.3775842777699305,0.2651114033308564,1.0448330347763706,1.8031306572415082
"['MSFT', 'GOOGL', 'AMZN', 'NVDA', 'V']",44577.21252698135,-0.4100519070023612,0.2979954876924196,1.0441640749700312,1.7371918540843347
"['GOOGL', 'TSLA', 'NVDA', 'JPM', 'PG']",51380.262879673115,-0.47307081026501,0.3370007157655325,1.0435912566717365,2.08993561530089
"['AAPL', 'GOOGL', 'AMZN', 'NVDA', 'V', 'PG']",39416.08375132533,-0.356784932435182,0.26509905891695673,1.0431580418809452,1.855089136848103
"['AAPL', 'GOOGL', 'AMZN', 'NVDA', 'V']",44457.61780821824,-0.38276643365113605,0.29774664777368376,1.0430099509184843,1.7617630485917861
"['AAPL', 'MSFT', 'GOOGL', 'AMZN', 'NVDA']",45200.796112448574,-0.40934055089288607,0.303517687901383,1.0399885710906038,1.7887534226049238
"['TSLA', 'NVDA', 'JPM', 'V', 'PG', 'KO']",44620.233459989126,-0.38894757028326715,0.29852317825389924,1.0398738837222823,2.2293463065456276
"['AAPL', 'MSFT', 'AMZN', 'NVDA', 'V', 'PG', 'KO']",35861.78291295327,-0.3185689243768499,0.2413452578742953,1.0396272615542255,1.9492981140064014
"['MSFT', 'TSLA', 'NVDA', 'JPM', 'KO']",51445.77576284512,-0.4498374575951681,0.33858313619591107,1.0396208114455157,2.2449345581001863
"['MSFT', 'TSLA', 'NVDA', 'JPM', 'PG', 'KO']",45239.54871351441,-0.4081187180800661,0.302855209203882,1.0385479352219815,2.2249783043541607
"['TSLA', 'NVDA', 'JPM', 'V', 'KO']",50702.597458614786,-0.43088367015204365,0.3349334238843759,1.0383373469929356,2.2210650914221053
"['AAPL', 'MSFT', 'GOOGL', 'AMZN', 'NVDA', 'PG']",40035.39900485062,-0.3694924656239628,0.27115380441259473,1.037465681436536,1.7432533428437174
"['AAPL', 'MSFT', 'GOOGL', 'AMZN', 'NVDA', 'V', 'KO']",37292.29484896427,-0.3320206419138612,0.2527872402256642,1.0361042617082594,1.847392010604844
"['GOOGL', 'TSLA', 'NVDA', 'JPM', 'V', 'PG', 'KO']",41706.19968269609,-0.38758937738346483,0.28212203868370306,1.0354497361647268,2.0391310138194343
"['GOOGL', 'TSLA', 'NVDA', 'JPM', 'V', 'KO']",46289.164052001965,-0.4236678061972487,0.3112860280940126,1.0343527324471207,2.0317394149986856
"['MSFT', 'GOOGL', 'TSLA', 'NVDA', 'JPM', 'KO']",46908.479305527246,-0.4404252594194635,0.3152635709192558,1.0338919169684817,2.0503922516986295
"['AAPL', 'MSFT', 'AMZN', 'NVDA', 'V']",44137.41866758873,-0.3797076767857374,0.29934098209711485,1.0333020369757535,1.859388327263653
"['MSFT', 'TSLA', 'NVDA', 'JPM', 'PG']",51060.06373904362,-0.46307225816516406,0.33972100474289474,1.0329822025719368,2.228435845401832
"['MSFT', 'GOOGL', 'TSLA', 'NVDA', 'JPM', 'PG', 'KO']",42237.0413285749,-0.40447787882378883,0.28650925401338523,1.0329122784365274,2.0383379437101032
"['TSLA', 'NVDA', 'JPM', 'V', 'PG']",50316.88543481328,-0.44482180866172555,0.3356778310468989,1.0323880303079165,2.219043467014695
"['AAPL', 'MSFT', 'AMZN', 'NVDA', 'V', 'PG']",39149.25113413408,-0.3523137980463915,0.2669225655152245,1.0319142454524817,1.9256215458303867
"['AAPL', 'MSFT', 'GOOGL', 'AMZN', 'NVDA', 'V', 'PG', 'KO']",34406.809676201345,-0.32170129035832684,0.23339847014718465,1.0307510524286558,1.8105593576489354
"['AAPL', 'TSLA', 'NVDA', 'JPM', 'KO']",51326.18104408201,-0.4391943738775611,0.3427120887508706,1.0294992942460195,2.3032686295252156
"['GOOGL', 'TSLA', 'NVDA', 'JPM', 'V', 'PG']",45967.73736550071,-0.4357183939593202,0.31187593402000097,1.0286057150915882,2.0346891780034624
"['MSFT', 'GOOGL', 'TSLA', 'NVDA', 'JPM']",53062.780449459024,-0.4949799471895661,0.35409053761054815,1.0278424841642544,2.07910724820279
"['AAPL', 'TSLA', 'NVDA', 'JPM', 'PG', 'KO']",45139.88644787848,-0.3988920034459813,0.3066911072123612,1.027736905169968,2.286373342459682
"['MSFT', 'GOOGL', 'TSLA', 'NVDA', 'JPM', 'PG']",46587.05261902599,-0.45194662675708097,0.3161893851799266,1.027509731599195,2.0727613741919053
"['GOOGL', 'TSLA', 'NVDA', 'JPM', 'V']",52319.60214522869,-0.47928137010261485,0.3505748759727482,1.0262442643366887,1.9972093489971368
"['MSFT', 'TSLA', 'NVDA', 'JPM', 'V', 'PG', 'KO']",41477.48601081787,-0.3769141630599671,0.2838671166249484,1.0260042712249984,2.169576587861598
"['GOOGL', 'TSLA', 'NVDA', 'PG', 'KO']",48994.21922022884,-0.45256083456089036,0.33117528023163867,1.0255836817193704,2.302533101580689
"['MSFT', 'TSLA', 'NVDA', 'JPM', 'V', 'KO']",46022.331434810716,-0.413040974505061,0.3131796533176609,1.0252265261390499,2.1655233799465496
"['AAPL', 'GOOGL', 'TSLA', 'NVDA', 'JPM', 'KO']",46808.81703989132,-0.43127853859671667,0.3184388893863364,1.0251578800147718,2.0470199885306437
"['AAPL', 'MSFT', 'GOOGL', 'AMZN', 'NVDA', 'V']",40818.181726146926,-0.37005627786731443,0.2809736986243939,1.0251494632682787,1.7407580182320166
"['AAPL', 'GOOGL', 'TSLA', 'NVDA', 'JPM', 'PG', 'KO']",42151.6165294584,-0.39640294145563126,0.289485980396835,1.0237091965880163,2.0400288561527806
"['AAPL', 'MSFT', 'GOOGL', 'AMZN', 'NVDA', 'V', 'PG']",37016.78626053462,-0.3502371232888626,0.2548281971808082,1.0237074853038863,1.7499342833613194
"['AAPL', 'TSLA', 'NVDA', 'JPM', 'PG']",50940.46902028051,-0.45227204462159415,0.34377445929977213,1.0231107874564513,2.2156357730557885
"['MSFT', 'GOOGL', 'TSLA', 'NVDA', 'JPM', 'V', 'PG', 'KO']",39320.54988683287,-0.3770632127007685,0.2712409864619986,1.021333304049922,2.02038406913043
"['MSFT', 'GOOGL', 'TSLA', 'NVDA', 'JPM', 'V', 'KO']",42907.99794682888,-0.4087470523815473,0.295530464585754,1.0208818036568579,2.0167005611167172
"['AAPL', 'GOOGL', 'TSLA', 'NVDA', 'JPM']",52943.185730695914,-0.48435909468887695,0.35730398428568627,1.0201214219483046,2.01693552974432
"['MSFT', 'TSLA', 'NVDA', 'JPM', 'V', 'PG']",45700.90474830946,-0.42543615811879737,0.31390489087583917,1.019207439027372,2.206794327466908
"['AAPL', 'GOOGL', 'TSLA', 'NVDA', 'JPM', 'PG']",46487.39035339007,-0.44268056397758365,0.31927326741005413,1.019059842883737,2.0371690147307033
"['MSFT', 'TSLA', 'NVDA', 'JPM', 'V']",51999.40300459919,-0.4693042797372301,0.35292590151997916,1.0170640798444996,2.1155412759971073
"['AAPL', 'MSFT', 'TSLA', 'NVDA', 'JPM', 'KO']",46541.984422700065,-0.4214142769814434,0.3206259108211031,1.0157409983670735,2.2115456703563003
"['MSFT', 'GOOGL', 'TSLA', 'NVDA', 'JPM', 'V', 'PG']",42632.48935839923,-0.4196266541721847,0.2961302411425134,1.0151066875851318,2.0200037351912874
"['TSLA', 'NVDA', 'V', 'PG', 'KO']",47930.841775369,-0.42142473211031944,0.3292652128950952,1.0149042333996696,2.3926080113125296
"['AAPL', 'TSLA', 'NVDA', 'JPM', 'V', 'PG', 'KO']",41392.061211701366,-0.36865515161324597,0.28757832930569943,1.0148453461893718,2.182400081708209
"['AAPL', 'TSLA', 'NVDA', 'JPM', 'V', 'KO']",45922.66916917479,-0.4036182072555168,0.3171408410904494,1.01471207766334,2.1980140517088134
"['AAPL', 'MSFT', 'TSLA', 'NVDA', 'JPM', 'PG', 'KO']",41922.90285758018,-0.3864638592879881,0.29146919282395334,1.0140752151664267,2.1976912730495384
"['MSFT', 'GOOGL', 'TSLA', 'NVDA', 'JPM', 'V']",47369.8353403223,-0.457198163595219,0.32729069293717433,1.013471818014543,1.982241995714576
"['MSFT', 'TSLA', 'NVDA', 'PG', 'KO']",48674.02007959934,-0.44155231538783435,0.3348149142624469,1.0127767700189432,2.5266711975352827
"['GOOGL', 'TSLA', 'NVDA', 'V', 'PG', 'KO']",43979.36764929715,-0.4153038558813684,0.30583120010684905,1.0123571984261088,2.1863911271000607
"['GOOGL', 'TSLA', 'NVDA', 'V', 'KO']",49933.558485784415,-0.4586916918229662,0.34325901461059655,1.0119866243724527,2.2083337519466184
"['AAPL', 'GOOGL', 'TSLA', 'NVDA', 'JPM', 'V', 'PG', 'KO']",39245.803187605925,-0.3697401642220045,0.2741743972231451,1.011803336204208,1.9660275747118068
"['AAPL', 'GOOGL', 'TSLA', 'NVDA', 'JPM', 'V', 'KO']",42822.57314771238,-0.40052188998062566,0.298639226616901,1.0118009936726715,1.9721039591453051
"['AAPL', 'MSFT', 'GOOGL', 'TSLA', 'NVDA', 'JPM', 'KO']",43353.41479359119,-0.4163409780841869,0.30230029923916185,1.0115408593943638,2.0290846261208944
"['MSFT', 'GOOGL', 'TSLA', 'NVDA', 'KO']",50676.73679001475,-0.47593176990265423,0.3481707487833251,1.0111892720126958,2.298236881757192
"['AAPL', 'MSFT', 'TSLA', 'NVDA', 'JPM']",52622.986590066415,-0.4751023644614954,0.35999092915721326,1.0106331008975062,2.201625164073362
"['AAPL', 'MSFT', 'GOOGL', 'TSLA', 'NVDA', 'JPM', 'PG', 'KO']",39710.289627749895,-0.38555913487441,0.27809068326801717,1.010060523519654,2.0216232177894207
"['AAPL', 'MSFT', 'TSLA', 'NVDA', 'JPM', 'PG']",46220.55773619881,-0.4331244011798616,0.32158519341093494,1.009429703640621,2.197156472986569
"['MSFT', 'GOOGL', 'TSLA', 'NVDA', 'PG', 'KO']",44598.68290282243,-0.4329583257391851,0.31132290511864497,1.008946554626584,2.278428725436551
"['AAPL', 'TSLA', 'NVDA', 'JPM', 'V', 'PG']",45601.24248267354,-0.4158751121447047,0.3178048331927667,1.008919389020909,2.1755638673347537
"['AAPL', 'TSLA', 'NVDA', 'JPM', 'V']",51879.80828583608,-0.45824756253092386,0.3569900415261586,1.0077900680214897,2.136559328786767
"['AAPL', 'MSFT', 'GOOGL', 'TSLA', 'NVDA', 'JPM']",47889.48832821166,-0.46288248991697994,0.3338863240569474,1.0064690462578332,1.996585499814282
"['AAPL', 'GOOGL', 'TSLA', 'NVDA', 'JPM', 'V', 'PG']",42547.06455928273,-0.4112947839843198,0.2991644965431053,1.006277919686881,2.00091993754362
"['AAPL', 'MSFT', 'GOOGL', 'TSLA', 'NVDA', 'JPM', 'PG']",43077.90620516154,-0.42668924620729687,0.30308497140534646,1.0055296821874629,2.020585118017967
"['AAPL', 'GOOGL', 'TSLA', 'NVDA', 'JPM', 'V']",47270.173074686376,-0.447742094247426,0.3304482291640376,1.0053282191588244,2.0009283179074866
"['GOOGL', 'TSLA', 'NVDA', 'V', 'PG']",49547.84646198291,-0.4722176970241575,0.3444673458457088,1.005244169547934,2.2085392447840833
"['MSFT', 'GOOGL', 'TSLA', 'NVDA', 'PG']",50291.024766213246,-0.4887939507217775,0.3497786693940904,1.003858797735784,2.2361255442913373
"['AAPL', 'MSFT', 'TSLA', 'NVDA', 'JPM', 'V', 'KO']",42593.85947583416,-0.39055190683006985,0.30033031168362384,1.0033456821128985,2.115152021424621
"['AAPL', 'GOOGL', 'TSLA', 'NVDA', 'KO']",50557.14207125164,-0.4651736612560612,0.35159926045909595,1.00310062425999,2.213645036132624
"['AAPL', 'MSFT', 'TSLA', 'NVDA', 'JPM', 'V', 'PG', 'KO']",39045.67872471249,-0.35979654486729373,0.2757643786255176,1.003061504461664,2.101848652917851
"['AAPL', 'TSLA', 'NVDA', 'PG', 'KO']",48554.42536083623,-0.4306352368782975,0.3390212885561531,1.0027278700184352,2.2945985566560534
"['MSFT', 'TSLA', 'NVDA', 'V', 'PG', 'KO']",43712.5350321059,-0.4040773216038769,0.30858223225021686,1.0010150685768555,2.368715081471305
"['MSFT', 'TSLA', 'NVDA', 'V', 'KO']",49613.35934515491,-0.4476865277138073,0.34640841120707455,1.0009165470187207,2.406052587285902
"['AAPL', 'GOOGL', 'TSLA', 'NVDA', 'PG', 'KO']",44499.020637186506,-0.4236120435187058,0.314557762272786,1.00020997454935,2.171755759551714
"['AAPL', 'MSFT', 'GOOGL', 'TSLA', 'NVDA', 'JPM', 'V', 'KO']",40297.37666872213,-0.38918346076947624,0.28599733779513276,1.0001857975253865,1.9560586340772668
"['AAPL', 'MSFT', 'GOOGL', 'TSLA', 'NVDA', 'JPM', 'V', 'PG', 'KO']",37398.60297962642,-0.36171079275029366,0.26514000566647977,0.9998117218806412,1.9485859240397414
"['MSFT', 'GOOGL', 'TSLA', 'NVDA', 'V', 'KO']",45381.46562411874,-0.43812668223061174,0.3212243271399308,0.9982587436890465,2.1847136812877888
"['MSFT', 'GOOGL', 'TSLA', 'NVDA', 'V', 'PG', 'KO']",40928.17245879618,-0.40079147884109845,0.29103158246674476,0.9982007112998733,2.1602167359441746
"['AAPL', 'MSFT', 'TSLA', 'NVDA', 'JPM', 'V', 'PG']",42318.35088740451,-0.4015991645938161,0.3009715181447617,0.9975810020314727,2.107774884557241
"['AAPL', 'MSFT', 'TSLA', 'NVDA', 'JPM', 'V']",47003.34045749512,-0.4381817863569127,0.33246911284771574,0.9968423462482074,2.110434840081526
"['AAPL', 'GOOGL', 'TSLA', 'NVDA', 'PG']",50171.430047450136,-0.477887667812732,0.35307922670729125,0.9961033844221812,2.207273477112698
"['AMZN', 'TSLA', 'NVDA', 'JPM', 'PG', 'KO']",43946.407065799816,-0.43370786898684094,0.31299093286937396,0.9956667885740225,2.063596414740368
"['AMZN', 'TSLA', 'NVDA', 'JPM', 'KO']",49894.00578558761,-0.47897440630953636,0.3520430317531286,0.9949196303775021,2.0750527215145715
"['AAPL', 'MSFT', 'GOOGL', 'TSLA', 'NVDA', 'JPM', 'V', 'PG']",40056.30665384619,-0.39901056616413316,0.28652550596628695,0.9946974715148587,1.9518052123495917
"['AAPL', 'MSFT', 'GOOGL', 'TSLA', 'NVDA', 'JPM', 'V']",43748.86282341552,-0.43106811008872353,0.31253046727158235,0.99416053634239,1.9524773459062326
"['MSFT', 'TSLA', 'NVDA', 'V', 'PG']",49227.647321353405,-0.461648659324736,0.34776698071981615,0.9939881836467813,2.4012452396760278
"['GOOGL', 'AMZN', 'TSLA', 'NVDA', 'JPM', 'PG', 'KO']",41128.6342019624,-0.4268033305944373,0.2949919948891346,0.9929556844843874,1.9352404276105384
"['GOOGL', 'AMZN', 'TSLA', 'NVDA', 'JPM', 'KO']",45615.337657812655,-0.4654189051643895,0.3261814966394647,0.992254746138991,1.9377222779695689
"['AAPL', 'MSFT', 'TSLA', 'NVDA', 'KO']",50236.94293062214,-0.4550185829249726,0.35506837407557046,0.9919322013716801,2.3244587073850114
"['MSFT', 'GOOGL', 'TSLA', 'NVDA', 'V', 'PG']",45060.038937617486,-0.45019533195580735,0.3223177985102451,0.9916026535111854,2.186408521512687
"['AAPL', 'TSLA', 'NVDA', 'V', 'KO']",49493.7646263918,-0.43650212836673086,0.35073227882469504,0.9911885259519464,2.2736674129920305
"['MSFT', 'GOOGL', 'TSLA', 'NVDA', 'V']",51230.36403176882,-0.49527664187375303,0.36250818113759803,0.9907741794544833,2.128383472404901
"['AAPL', 'TSLA', 'NVDA', 'V', 'PG', 'KO']",43612.872766469976,-0.3944514005682702,0.3126715821344762,0.9903517387991012,2.30859378177065
"['AAPL', 'GOOGL', 'TSLA', 'NVDA', 'V', 'KO']",45281.803358482815,-0.4285836948369054,0.324601495003841,0.9896420234611449,2.14548766749203
"['AAPL', 'MSFT', 'GOOGL', 'TSLA', 'NVDA', 'KO']",45901.1186120081,-0.4450069778640299,0.32909031896895147,0.9889797903453815,2.184449873328641
"['AAPL', 'GOOGL', 'TSLA', 'NVDA', 'V', 'PG', 'KO']",40842.74765967968,-0.3924127934276173,0.29423523610822483,0.9889622791975758,2.1273756996710094
"['AAPL', 'MSFT', 'TSLA', 'NVDA', 'PG', 'KO']",44232.18801999525,-0.4132245736439818,0.3175684445259039,0.9888759029502844,2.272813961613777
"['AMZN', 'TSLA', 'NVDA', 'JPM', 'PG']",49508.2937617861,-0.49249172481961767,0.35372082879894456,0.987564379923209,2.0656733283853295
"['AAPL', 'MSFT', 'GOOGL', 'TSLA', 'NVDA', 'PG', 'KO']",41373.58930555849,-0.4089940100135087,0.29905806736142926,0.9864981302506117,2.0986234467566445
"['AMZN', 'TSLA', 'NVDA', 'JPM', 'V', 'PG', 'KO']",40369.078884205366,-0.4000713947972872,0.2923351626010118,0.985417687118975,2.0534834917035787
"['GOOGL', 'AMZN', 'TSLA', 'NVDA', 'JPM', 'PG']",45293.9109713114,-0.47715408353666655,0.3274642455560661,0.9853664726017628,1.9359655979250032
"['AAPL', 'MSFT', 'TSLA', 'NVDA', 'PG']",49851.23090682064,-0.4681172499451365,0.3566882997481997,0.9848062044965864,2.3011339190861113
"['MSFT', 'AMZN', 'TSLA', 'NVDA', 'JPM', 'PG', 'KO']",40899.92053008418,-0.4172511088323118,0.29651638743239717,0.9846466838998669,2.0538224512816377
"['AAPL', 'MSFT', 'GOOGL', 'TSLA', 'NVDA']",51853.947617236045,-0.49946429412596977,0.3699325184436233,0.9846265431060607,2.1297544108570716
"['AAPL', 'TSLA', 'NVDA', 'V', 'PG']",49108.052602590295,-0.4502894733788169,0.3520067207366067,0.9845254796803486,2.3309165108652814
"['MSFT', 'AMZN', 'TSLA', 'NVDA', 'JPM', 'KO']",45348.50504062141,-0.456073768125416,0.3278258694262763,0.984260767924291,2.059086563714615
"['GOOGL', 'AMZN', 'TSLA', 'NVDA', 'JPM']",51511.010472201524,-0.5235211752988482,0.36902667168820336,0.984004126185902,1.9124364392996347
"['GOOGL', 'AMZN', 'TSLA', 'NVDA', 'JPM', 'V', 'PG', 'KO']",38350.69365104694,-0.39751147760129246,0.2784796268720851,0.9834089427215601,1.8929865365011274
"['AAPL', 'GOOGL', 'TSLA', 'NVDA', 'V']",51110.76931300571,-0.48411468224979465,0.36584042554151913,0.9833985951342668,2.0663806145671835
"['AAPL', 'GOOGL', 'TSLA', 'NVDA', 'V', 'PG']",44960.37667198156,-0.44052143939586097,0.3255951449887248,0.9832835615537382,2.0924201512531937
"['AMZN', 'TSLA', 'NVDA', 'JPM', 'V', 'KO']",44729.189787096126,-0.4391353534833156,0.32415839744396363,0.9829817556697366,2.0377188160224344
"['AAPL', 'MSFT', 'GOOGL', 'TSLA', 'NVDA', 'PG']",45579.69192550684,-0.45642508483979827,0.33038503555865417,0.9821736514261363,2.180112048191305
"['MSFT', 'GOOGL', 'AMZN', 'TSLA', 'NVDA', 'JPM', 'PG', 'KO']",38815.180091190894,-0.41283960017254673,0.282670137306708,0.9816550410188358,1.8966221673368062
"['GOOGL', 'AMZN', 'TSLA', 'NVDA', 'JPM', 'V', 'KO']",41799.59082021638,-0.4314571779199904,0.3046759671790447,0.9814499985330182,1.857742530114878
"['MSFT', 'GOOGL', 'AMZN', 'TSLA', 'NVDA', 'JPM', 'KO']",42330.43246609519,-0.4466303121154232,0.3085457527987064,0.9813683873870053,1.9271863445364552
"['AAPL', 'MSFT', 'TSLA', 'NVDA', 'V', 'KO']",45014.97074129156,-0.41817763866505364,0.32724209346152333,0.9796536229332199,2.3126448065886716
"['AAPL', 'MSFT', 'TSLA', 'NVDA', 'V', 'PG', 'KO']",40614.03398780146,-0.3819393489380304,0.2966121469943364,0.9787244771524335,2.2102265154925216
"['AAPL', 'MSFT', 'GOOGL', 'TSLA', 'NVDA', 'V', 'KO']",42044.54592381247,-0.41328774011560093,0.30756472108035476,0.9779728568287972,2.1210225304498254
"['MSFT', 'AMZN', 'TSLA', 'NVDA', 'JPM', 'PG']",45027.07835412015,-0.4681358979425339,0.3292529480112565,0.9771382209614995,2.0453603147001407
"['AAPL', 'MSFT', 'GOOGL', 'TSLA', 'NVDA', 'V', 'PG', 'KO']",38565.02936669352,-0.38151481059894904,0.28228750162348965,0.9771085438140371,2.1015232484798867
"['AMZN', 'TSLA', 'NVDA', 'JPM', 'V', 'PG']",44407.76310059487,-0.4517790819793678,0.32529083431842265,0.9763040880055971,1.9965209738346994
"['MSFT', 'AMZN', 'TSLA', 'NVDA', 'JPM']",51190.81133157201,-0.5149960020406203,0.3710804501846771,0.9760524086495238,2.0219328742074483
"['MSFT', 'AMZN', 'TSLA', 'NVDA', 'JPM', 'V', 'PG', 'KO']",38150.56918815349,-0.38787206213164394,0.27964657625203854,0.9758964987845548,1.9959993134265468
"['AAPL', 'AMZN', 'TSLA', 'NVDA', 'JPM', 'KO']",45248.84277498548,-0.4462720140273338,0.3314114126308268,0.9755477070857724,2.092989328687441
"['AAPL', 'AMZN', 'TSLA', 'NVDA', 'JPM', 'PG', 'KO']",40814.495730967676,-0.40865420227266264,0.2999098063079674,0.9752962498675263,2.0897692992112327
"['GOOGL', 'AMZN', 'TSLA', 'NVDA', 'JPM', 'V', 'PG']",41524.08223178673,-0.44252792995555873,0.3055580153021531,0.9751887522153309,1.8597790619884103
"['MSFT', 'GOOGL', 'AMZN', 'TSLA', 'NVDA', 'JPM', 'PG']",42054.92387766554,-0.45725272422748403,0.3096898709736825,0.9746779561831661,1.9260914961124977
"['MSFT', 'AMZN', 'TSLA', 'NVDA', 'JPM', 'V', 'KO']",41570.87714833816,-0.4218911218308338,0.3058734093703624,0.9742988210780823,2.0286705377014047
"['AAPL', 'GOOGL', 'AMZN', 'TSLA', 'NVDA', 'JPM', 'KO']",42245.00766697869,-0.4381103989597203,0.31134364567156975,0.9738069203365236,1.8883396737336287
"['MSFT', 'GOOGL', 'AMZN', 'TSLA', 'NVDA', 'JPM']",46696.008946133,-0.49713540712056487,0.3429778224012383,0.9736646657866955,1.9018496641107403
"['AAPL', 'GOOGL', 'AMZN', 'TSLA', 'NVDA', 'JPM', 'PG', 'KO']",38740.43339196395,-0.40525033783056486,0.2853364658343931,0.9736378842788607,1.8887058150752731
"['MSFT', 'GOOGL', 'AMZN', 'TSLA', 'NVDA', 'JPM', 'V', 'PG', 'KO']",36602.95005824065,-0.38683906157666603,0.2687761210587293,0.9734412147831726,1.8796915923133717
"['AAPL', 'MSFT', 'TSLA', 'NVDA', 'V']",50790.57017237621,-0.4743695612381739,0.36907622137047297,0.9734272960790232,2.2284496064387005
"['AAPL', 'MSFT', 'TSLA', 'NVDA', 'V', 'PG']",44693.544054790305,-0.43045351599050197,0.32836679565267923,0.9731074715474115,2.3089024240511633
"['AMZN', 'TSLA', 'NVDA', 'JPM', 'V']",50447.633027341675,-0.4993742034505445,0.3681321224756081,0.9725684672466979,1.9569983559673394
"['MSFT', 'GOOGL', 'AMZN', 'TSLA', 'NVDA', 'JPM', 'V', 'KO']",39402.26713216313,-0.41689715892494084,0.29095757381482484,0.9721979175370373,1.847349369321604
"['GOOGL', 'AMZN', 'TSLA', 'NVDA', 'JPM', 'V']",46076.69369260771,-0.48288498239841465,0.339461380457274,0.9720533986078338,1.858405808935004
"['AAPL', 'MSFT', 'GOOGL', 'TSLA', 'NVDA', 'V']",46362.47464680315,-0.46169454902176,0.3408687828583033,0.9719446693684298,2.0610542345220058
"['AAPL', 'MSFT', 'GOOGL', 'TSLA', 'NVDA', 'V', 'PG']",41769.03733538282,-0.424075339757636,0.3084785934606171,0.97173984695809,2.0678852747303442
"['AAPL', 'AMZN', 'TSLA', 'NVDA', 'JPM', 'PG']",44927.41608848423,-0.4582035453048259,0.3327404728332677,0.9687222643602349,2.024306027436811
"['AAPL', 'AMZN', 'TSLA', 'NVDA', 'JPM']",51071.216612808916,-0.5035227914728646,0.37463167376899104,0.9686013088530521,1.9633545653514595
"['AMZN', 'TSLA', 'NVDA', 'PG', 'KO']",47122.25010234183,-0.47158014475417337,0.34785798515493865,0.9681790376446369,2.3093243794344893
"['MSFT', 'AMZN', 'TSLA', 'NVDA', 'JPM', 'V', 'PG']",41295.36855990851,-0.43325210329152836,0.30688728729328474,0.9677758192993856,1.986713272105566
"['GOOGL', 'AMZN', 'TSLA', 'NVDA', 'KO']",49124.96681275725,-0.5050767457906479,0.36227869686627184,0.9677088435471428,2.06779210257091
"['AAPL', 'GOOGL', 'AMZN', 'TSLA', 'NVDA', 'JPM', 'PG']",41969.49907854904,-0.4486313275664417,0.3123883575939386,0.9674109256445282,1.85749874953601
"['GOOGL', 'AMZN', 'TSLA', 'NVDA', 'PG', 'KO']",43305.54125510784,-0.4586011050945799,0.3218961517717546,0.9672674976854666,2.1077139681938943
"['AAPL', 'GOOGL', 'AMZN', 'TSLA', 'NVDA', 'JPM']",46596.346680497074,-0.4873586598236395,0.34572952457579803,0.9670664837794147,1.892124271172285
"['AAPL', 'MSFT', 'AMZN', 'TSLA', 'NVDA', 'JPM', 'KO']",42016.293995100474,-0.4291727260041455,0.31284150299637375,0.9662750789369355,2.026930655737863
"['AAPL', 'AMZN', 'TSLA', 'NVDA', 'JPM', 'V', 'PG', 'KO']",38075.822488926555,-0.380112368866344,0.2829934086335368,0.9661250219171033,2.0095597349511842
"['MSFT', 'GOOGL', 'AMZN', 'TSLA', 'NVDA', 'JPM', 'V', 'PG']",39161.19711728719,-0.4269718237784155,0.2917811308471333,0.9660663660937371,1.849374642546327
"['AAPL', 'MSFT', 'AMZN', 'TSLA', 'NVDA', 'JPM', 'PG', 'KO']",38540.30892907051,-0.39622267942395084,0.28674672942405066,0.9658402113682065,2.0233659882334396
"['AAPL', 'AMZN', 'TSLA', 'NVDA', 'JPM', 'V', 'KO']",41485.452349221654,-0.4131257005704308,0.3094073233787341,0.9650963766668516,2.0145367596887236
"['AAPL', 'GOOGL', 'AMZN', 'TSLA', 'NVDA', 'JPM', 'V', 'PG', 'KO']",36536.508547816695,-0.37991127254063,0.2714466820095819,0.965046625662993,1.8304781114035582
"['MSFT', 'AMZN', 'TSLA', 'NVDA', 'JPM', 'V']",45809.86107541646,-0.4738878373494358,0.3409157560729068,0.964943686763134,1.9578405586646197
"['AAPL', 'MSFT', 'GOOGL', 'AMZN', 'TSLA', 'NVDA', 'JPM', 'KO']",39792.00687308014,-0.4236037311451274,0.2973045913704362,0.9643426991973304,1.878498478896033
"['AAPL', 'GOOGL', 'AMZN', 'TSLA', 'NVDA', 'JPM', 'V', 'KO']",39327.52043293618,-0.4091763719610116,0.2937590043940184,0.9642189073873813,1.8586965521109868
"['AAPL', 'MSFT', 'GOOGL', 'AMZN', 'TSLA', 'NVDA', 'JPM', 'PG', 'KO']",36949.385383500216,-0.3943764528676564,0.27519886212572225,0.9639421945349248,1.8771263481938303
"['MSFT', 'GOOGL', 'AMZN', 'TSLA', 'NVDA', 'JPM', 'V']",42725.88049591952,-0.46216240240118206,0.31970009455924475,0.9637533264753458,1.829589971819843
"['GOOGL', 'AMZN', 'TSLA', 'NVDA', 'PG']",48739.254788955746,-0.518204788235845,0.36442539385494166,0.9598529843317536,2.0615582512452493
"['AAPL', 'MSFT', 'AMZN', 'TSLA', 'NVDA', 'JPM', 'PG']",41740.785406670824,-0.43995548280043917,0.31400798087622905,0.9596677227290583,2.014512029797687
"['AAPL', 'MSFT', 'AMZN', 'TSLA', 'NVDA', 'JPM']",46329.51406330582,-0.4789539482173737,0.3475376412596046,0.9595448008864863,1.9900561689044893
"['AAPL', 'AMZN', 'TSLA', 'NVDA', 'JPM', 'V', 'PG']",41209.943760792004,-0.42437047501896813,0.3103422914016544,0.9588421950001564,1.9565734282580023
"['AMZN', 'TSLA', 'NVDA', 'V', 'PG', 'KO']",42419.39338439131,-0.43086912493154483,0.3191587619599394,0.958656809500945,2.1999759959990444
"['GOOGL', 'AMZN', 'TSLA', 'NVDA', 'V', 'PG', 'KO']",39819.76533218368,-0.42402615547576517,0.2998471687929062,0.9585789376043484,2.0213152503646437
"['AAPL', 'GOOGL', 'AMZN', 'TSLA', 'NVDA', 'JPM', 'V', 'PG']",39086.450418060245,-0.41915951707190935,0.2945008206769865,0.9583526198589889,1.8605716016443303
"['MSFT', 'AMZN', 'TSLA', 'NVDA', 'KO']",48804.76767212774,-0.4956664581036058,0.3651132920313365,0.9581533627114781,2.3045154236238097
"['AAPL', 'MSFT', 'GOOGL', 'AMZN', 'TSLA', 'NVDA', 'JPM', 'PG']",39550.93685820421,-0.43322108764160444,0.2982556794739452,0.9581324750237694,1.8471938993906825
"['AAPL', 'MSFT', 'GOOGL', 'AMZN', 'TSLA', 'NVDA', 'JPM']",43171.29734268183,-0.46719068565538097,0.32586511064442675,0.9579589897285994,1.8573922977466264
"['AAPL', 'MSFT', 'AMZN', 'TSLA', 'NVDA', 'JPM', 'V', 'PG', 'KO']",36358.62013635586,-0.3708569636802108,0.2725738123943314,0.9578940473784608,1.9483483053898272
"['MSFT', 'AMZN', 'TSLA', 'NVDA', 'PG', 'KO']",43038.70863791659,-0.4487531257574677,0.3243854045870868,0.9573899452915826,2.298335839843802
"['AAPL', 'MSFT', 'AMZN', 'TSLA', 'NVDA', 'JPM', 'V', 'KO']",39127.395970042744,-0.4001267290232536,0.294910957906328,0.9573684433518388,1.9532372072688746
"['GOOGL', 'AMZN', 'TSLA', 'NVDA', 'V', 'KO']",44088.32397640415,-0.46427046099778696,0.332691342099428,0.9570150211590142,2.028755705170896
"['AAPL', 'AMZN', 'TSLA', 'NVDA', 'JPM', 'V']",45710.19880978054,-0.4637399816498215,0.3444754714665687,0.9568613951118179,1.9277583928213444
"['AMZN', 'TSLA', 'NVDA', 'V', 'KO']",48061.5893678974,-0.47839972990104485,0.3606486166003222,0.9568358996618527,2.1524652239564843
"['MSFT', 'GOOGL', 'AMZN', 'TSLA', 'NVDA', 'KO']",44707.63922992944,-0.4797969138962308,0.3373859738085431,0.9567648905412819,2.054193723357717
"['AAPL', 'GOOGL', 'AMZN', 'TSLA', 'NVDA', 'JPM', 'V']",42640.455696803016,-0.4533775564555239,0.3224971936224575,0.956643259052707,1.8553002866207413
"['AAPL', 'MSFT', 'GOOGL', 'AMZN', 'TSLA', 'NVDA', 'JPM', 'V', 'PG', 'KO']",35144.95782461406,-0.37157422063133155,0.26328315506502425,0.9564558279374922,1.8190178586913759
"['MSFT', 'GOOGL', 'AMZN', 'TSLA', 'NVDA', 'PG', 'KO']",40350.60697806249,-0.4399415393931963,0.30498944592176763,0.9562611623886123,2.092092266096939
"['AAPL', 'MSFT', 'GOOGL', 'AMZN', 'TSLA', 'NVDA', 'JPM', 'V', 'KO']",37471.24053103109,-0.39785631871443045,0.28255192256983247,0.9560757031483798,1.821327950971409
"['AAPL', 'MSFT', 'AMZN', 'TSLA', 'NVDA', 'JPM', 'V', 'PG']",38886.32595516681,-0.41034511100292065,0.2957641239001044,0.9512746533314018,1.9459393561634861
"['AAPL', 'AMZN', 'TSLA', 'NVDA', 'KO']",48685.172953364636,-0.4840186029590569,0.36884375257991886,0.9505007865168886,2.1793614667610632
"['AAPL', 'MSFT', 'GOOGL', 'AMZN', 'TSLA', 'NVDA', 'JPM', 'V', 'PG']",37256.95607336359,-0.4070220663555273,0.2832525949411315,0.9503435786146917,1.816486164888096
"['MSFT', 'AMZN', 'TSLA', 'NVDA', 'PG']",48419.05564832623,-0.5092054712327252,0.3674223334680812,0.9501579926509306,2.290276159316217
"['AAPL', 'GOOGL', 'AMZN', 'TSLA', 'NVDA', 'KO']",44607.97696429351,-0.4699020718413936,0.3402956415802002,0.9499115467449606,1.998725349780714
"['GOOGL', 'AMZN', 'TSLA', 'NVDA', 'V', 'PG']",43766.897289902896,-0.4765739622601943,0.3341880218790832,0.9498561203431822,1.9888469083109184
"['AAPL', 'MSFT', 'AMZN', 'TSLA', 'NVDA', 'JPM', 'V']",42411.7420249248,-0.4447017696846352,0.3238543408547733,0.9498171721748472,1.9420295903215277
"['MSFT', 'AMZN', 'TSLA', 'NVDA', 'V', 'PG', 'KO']",39591.051660305464,-0.4139683990980435,0.30174181554769997,0.9496808642760375,2.180710062452009
"['MSFT', 'GOOGL', 'AMZN', 'TSLA', 'NVDA']",50421.772358741655,-0.5394101231031575,0.38250737836833926,0.949459284445287,2.0235405276827225
"['MSFT', 'GOOGL', 'AMZN', 'TSLA', 'NVDA', 'PG']",44386.212543428184,-0.491548657097156,0.33918231088874984,0.9492392942058206,2.0499707346189844
"['AMZN', 'TSLA', 'NVDA', 'V', 'PG']",47675.8773440959,-0.4926766904258439,0.3626233926033695,0.9491969002662051,2.20265179500832
"['AAPL', 'MSFT', 'GOOGL', 'AMZN', 'TSLA', 'NVDA', 'JPM', 'V']",40138.023899176434,-0.4373673157342348,0.30691921545856937,0.9491357580187779,1.8444874400768965
"['MSFT', 'GOOGL', 'AMZN', 'TSLA', 'NVDA', 'V', 'PG', 'KO']",37669.91983013452,-0.4097651592287598,0.2869132566568373,0.9490663120007392,2.0024289366438364
"['AAPL', 'AMZN', 'TSLA', 'NVDA', 'PG', 'KO']",42939.04637228067,-0.4387175156818479,0.32799481493639376,0.9488321391083826,2.170092434129081
"['AAPL', 'GOOGL', 'AMZN', 'TSLA', 'NVDA', 'PG', 'KO']",40265.18217894599,-0.4312472271105838,0.3078051503195887,0.9487852903059348,2.0127926830650114
"['MSFT', 'AMZN', 'TSLA', 'NVDA', 'V', 'KO']",43821.4913592129,-0.4544302491776735,0.33475628253476564,0.9484790203837526,2.197552998860244
"['MSFT', 'GOOGL', 'AMZN', 'TSLA', 'NVDA', 'V', 'KO']",41021.56359631647,-0.4447854492160146,0.3140079999853518,0.9481113686181969,1.9727465137168532
"['GOOGL', 'AMZN', 'TSLA', 'NVDA', 'V']",49678.59405451132,-0.5253289760340051,0.37846489039673736,0.9473926019577755,1.9756721310762198
"['AAPL', 'GOOGL', 'AMZN', 'TSLA', 'NVDA']",50302.177639978545,-0.5278643253388159,0.38519727305121637,0.9438546983451601,1.9825177794027011
"['AAPL', 'AMZN', 'TSLA', 'NVDA', 'PG']",48299.46092956313,-0.4973937836571614,0.3710113485260017,0.9428415159331828,2.1537411917343334
"['AAPL', 'GOOGL', 'AMZN', 'TSLA', 'NVDA', 'PG']",44286.55027779226,-0.48153003324144134,0.34195584541715984,0.94272199951429,1.986733728900226
"['MSFT', 'GOOGL', 'AMZN', 'TSLA', 'NVDA', 'V', 'PG']",40746.05500788682,-0.45587136356238744,0.3153187745745323,0.9411937327491425,1.9739588917698003
"['MSFT', 'AMZN', 'TSLA', 'NVDA', 'V', 'PG']",43500.06467271165,-0.46709361110510056,0.33640241899556583,0.9411184889661534,2.194182661462397
"['AAPL', 'MSFT', 'AMZN', 'TSLA', 'NVDA', 'KO']",44341.14434710226,-0.46075165115620587,0.3427071070959984,0.9410986406480831,2.1231675042341336
"['AAPL', 'GOOGL', 'AMZN', 'TSLA', 'NVDA', 'V', 'PG', 'KO']",37595.17313090757,-0.40190723850317256,0.2897691500762121,0.9410442136770918,1.9662358599941199
"['AAPL', 'GOOGL', 'AMZN', 'TSLA', 'NVDA', 'V', 'KO']",40936.138797199965,-0.43592226472676665,0.31697544774360986,0.9406544577457346,1.9449243136627807
"['AAPL', 'MSFT', 'GOOGL', 'AMZN', 'TSLA', 'NVDA', 'KO']",41466.98044307878,-0.45081543757142384,0.32124984556454084,0.9405435187922481,2.0180634237550774
"['AAPL', 'AMZN', 'TSLA', 'NVDA', 'V', 'PG', 'KO']",39505.62686118895,-0.4050246516145736,0.3053505681365513,0.9404570473996098,2.121074167319775
"['AAPL', 'AMZN', 'TSLA', 'NVDA', 'V', 'KO']",43721.82909357698,-0.4441706995399063,0.338516933809914,0.9400582017259425,2.056287461860014
"['AAPL', 'MSFT', 'AMZN', 'TSLA', 'NVDA', 'PG', 'KO']",40036.46850706777,-0.42187553641494574,0.3099762507681829,0.939717423034196,2.0942222474492276
"['AAPL', 'MSFT', 'GOOGL', 'AMZN', 'TSLA', 'NVDA', 'PG', 'KO']",38059.65957105153,-0.4169757203679721,0.29431249329007253,0.9394592126498099,1.9936823556655925
"['MSFT', 'GOOGL', 'AMZN', 'TSLA', 'NVDA', 'V']",45168.99526472449,-0.49750725928425604,0.3504842223890296,0.9393644029735956,1.957688166793189
"['MSFT', 'AMZN', 'TSLA', 'NVDA', 'V']",49358.394913881806,-0.5163953594895829,0.38101725069780107,0.9390188026639302,2.1009849655130433
"['AAPL', 'MSFT', 'AMZN', 'TSLA', 'NVDA']",49981.97849934905,-0.5195393869301129,0.3881636857252467,0.9351528683125533,2.1205306551213563
"['AAPL', 'MSFT', 'GOOGL', 'AMZN', 'TSLA', 'NVDA']",45688.64825261384,-0.5012335134979171,0.35730195249348035,0.9344917194822999,1.9618449096098889
"['AAPL', 'GOOGL', 'AMZN', 'TSLA', 'NVDA', 'V', 'PG']",40660.630208770315,-0.4468976780024406,0.3181783669063656,0.9340418220595214,1.9450445478356493
"['AAPL', 'MSFT', 'AMZN', 'TSLA', 'NVDA', 'PG']",44019.717660601,-0.4727005756027786,0.34450588429096957,0.9337575301752856,2.1755330981030188
"['AAPL', 'MSFT', 'GOOGL', 'AMZN', 'TSLA', 'NVDA', 'PG']",41191.47185464913,-0.46134999346957545,0.3226888618253686,0.9336343855686848,1.9688729704104242
"['AAPL', 'GOOGL', 'AMZN', 'TSLA', 'NVDA', 'V']",45069.33299908857,-0.48727385703642845,0.3533420539373787,0.9330281370646799,1.8979238824792446
"['AAPL', 'AMZN', 'TSLA', 'NVDA', 'V', 'PG']",43400.40240707572,-0.45669018038526155,0.3400554202436037,0.9330064571014453,2.0391512695451546
"['AAPL', 'MSFT', 'GOOGL', 'AMZN', 'TSLA', 'NVDA', 'V', 'PG', 'KO']",35931.376262561214,-0.3909259388433958,0.27915224873679084,0.9329194472291708,1.901498680450486
"['AAPL', 'MSFT', 'GOOGL', 'AMZN', 'TSLA', 'NVDA', 'V', 'KO']",38646.74661202376,-0.4210531099292546,0.302182757172776,0.9328605634691604,1.9278248134243956
"['AAPL', 'MSFT', 'AMZN', 'TSLA', 'NVDA', 'V', 'PG', 'KO']",37395.04866801413,-0.3924371617041659,0.2914913889174828,0.9327525220587723,2.1003466753624735
"['AAPL', 'MSFT', 'AMZN', 'TSLA', 'NVDA', 'V', 'KO']",40707.42512532175,-0.42653974106043036,0.31882275793810294,0.9326558362330881,2.068232160095043
"['AAPL', 'AMZN', 'TSLA', 'NVDA', 'V']",49238.8001951187,-0.504288532365947,0.3846228519011869,0.9321004265358465,2.0694526237637096
"['AAPL', 'MSFT', 'GOOGL', 'AMZN', 'TSLA', 'NVDA', 'V', 'PG']",38405.67659714782,-0.4310488085191779,0.3032618062311346,0.9264655517673416,1.9281803923718648
"['AAPL', 'MSFT', 'AMZN', 'TSLA', 'NVDA', 'V', 'PG']",40431.9165368921,-0.43780038042296854,0.3201523278287054,0.9258553597330487,2.0660978612055927
"['AAPL', 'MSFT', 'GOOGL', 'AMZN', 'TSLA', 'NVDA', 'V']",41862.428472903106,-0.46627401425487675,0.3322145396982958,0.9257594653758088,1.8870636289785063
"['AAPL', 'MSFT', 'AMZN', 'TSLA', 'NVDA', 'V']",44802.50038189731,-0.47846828745279796,0.3555573529158523,0.9251122660689067,2.0174907696520914
"['AAPL', 'MSFT', 'GOOGL', 'JPM', 'KO']",22614.03830513222,-0.2632794349215548,0.17052069289394933,0.829396815420495,1.3047833219126526
"['MSFT', 'GOOGL', 'JPM', 'PG', 'KO']",21051.115454109422,-0.2673605831075338,0.1500570477194637,0.82236378624155,1.49558344083892
"['MSFT', 'GOOGL', 'JPM', 'V', 'KO']",21990.45471966499,-0.2669157474900655,0.1635525199393319,0.8221928430474366,1.4521562324649544
"['AAPL', 'MSFT', 'GOOGL', 'JPM', 'PG']",22228.326281330716,-0.2896786308593276,0.16999883936689417,0.8107024979005533,1.249318966243272
"['AAPL', 'MSFT', 'GOOGL', 'JPM', 'V', 'KO']",21995.883553383297,-0.2537474537994313,0.16803377071478356,0.8049888573585327,1.32785703182644
"['AAPL', 'MSFT', 'GOOGL', 'JPM', 'PG', 'KO']",21213.100832086988,-0.2584904825012963,0.15649451519143767,0.8049407109056734,1.3255632924230902
"['MSFT', 'GOOGL', 'JPM', 'V', 'PG']",21604.742695863486,-0.29089264608154003,0.16232828199872404,0.8048155496058871,1.4091408304539546
"['AAPL', 'MSFT', 'GOOGL', 'JPM', 'V']",23167.665546886285,-0.2851005271599549,0.18525272440022358,0.8043018003163324,1.2336973061120504
"['MSFT', 'GOOGL', 'JPM', 'V', 'PG', 'KO']",20693.44784419763,-0.256730386027264,0.15040343502107595,0.7972690710854038,1.4627219111117322
"['AAPL', 'GOOGL', 'JPM', 'PG', 'KO']",20931.520735346312,-0.24880923669006133,0.15419545744244942,0.7967658281433604,1.4132319304177507
"['AAPL', 'GOOGL', 'JPM', 'V', 'KO']",21870.86000090188,-0.24280744175203867,0.16904277705253928,0.7940577863821429,1.3792932284321022
"['AAPL', 'MSFT', 'GOOGL', 'JPM', 'V', 'PG']",21674.456866882043,-0.27717114977440477,0.16700453615795535,0.7908834714596241,1.3177575007337017
"['AAPL', 'MSFT', 'GOOGL', 'JPM', 'V', 'PG', 'KO']",20883.387826737227,-0.25061118490061624,0.15613126509031855,0.785683042878159,1.3435566009485682
"['AAPL', 'MSFT', 'JPM', 'V', 'KO']",21550.66086027238,-0.23103920193657712,0.16670497217083702,0.7842186939340338,1.3964767466978116
"['AAPL', 'GOOGL', 'JPM', 'V', 'PG']",21485.147977100376,-0.2710304475513178,0.166953880376832,0.7801281169830556,1.3286883027435847
"['AAPL', 'MSFT', 'JPM', 'PG', 'KO']",20611.32159471681,-0.23769798360070166,0.1536888673703776,0.7778187634514181,1.4829786135793217
"['GOOGL', 'JPM', 'V', 'PG', 'KO']",20307.937149879082,-0.24560415882830094,0.14973549468387934,0.7741630117531552,1.3765559886760275
"['AAPL', 'GOOGL', 'JPM', 'V', 'PG', 'KO']",20593.785578561707,-0.2407022685172775,0.1550085945851699,0.7716100119502444,1.3302327150283235
"['AAPL', 'MSFT', 'JPM', 'V', 'PG']",21164.948836470874,-0.2607445192350723,0.16550508744610792,0.7663324190221795,1.3617416564994165
"['MSFT', 'JPM', 'V', 'PG', 'KO']",19987.73800924958,-0.23303582017681998,0.14900313001229964,0.755004152545927,1.6389956254390707
"['AAPL', 'MSFT', 'JPM', 'V', 'PG', 'KO']",20326.95296137045,-0.23061324387409013,0.15506521307780588,0.7537407537629081,1.4911045426123082
"['MSFT', 'GOOGL', 'AMZN', 'JPM', 'KO']",21181.863046637824,-0.2910084586513042,0.17270469194865787,0.7435704134422884,1.1461531001808831
"['AAPL', 'MSFT', 'GOOGL', 'AMZN', 'JPM', 'KO']",21322.057159193988,-0.27050238028008633,0.17703271246588886,0.737046037080055,1.1129052877482366
"['MSFT', 'GOOGL', 'AMZN', 'JPM', 'V', 'KO']",20802.40417130463,-0.27536739538421207,0.1685827349097539,0.7352213012956145,1.2159701237097262
"['MSFT', 'GOOGL', 'AMZN', 'JPM', 'PG', 'KO']",20019.621450008322,-0.2745026481159411,0.1562170193578132,0.7301663563457146,1.2496898516805153
"['AAPL', 'MSFT', 'GOOGL', 'AMZN', 'JPM', 'V', 'KO']",20976.778964257515,-0.26128157912059585,0.17320550911380872,0.7298841306476406,1.1472270847577994
"['AAPL', 'MSFT', 'GOOGL', 'AMZN', 'JPM', 'PG', 'KO']",20305.822346003533,-0.2653488473874269,0.16256451335749114,0.7256854670497109,1.1621025795431792
"['AAPL', 'MSFT', 'GOOGL', 'AMZN', 'JPM']",22359.073873859117,-0.31080162500911634,0.19959447393215154,0.7241995654667777,1.0280084028792893
"['MSFT', 'GOOGL', 'AMZN', 'JPM', 'V', 'PG', 'KO']",19860.40549924123,-0.26433726407992847,0.15507122228814416,0.7236837906414334,1.2602791436178642
"['AAPL', 'GOOGL', 'AMZN', 'JPM', 'KO']",21062.268327874714,-0.2630517114984209,0.17760726616245445,0.7210832870066879,1.0642660626287583
"['AAPL', 'MSFT', 'GOOGL', 'AMZN', 'JPM', 'V', 'PG', 'KO']",20130.73327708293,-0.25761763809199945,0.16096613484799965,0.7201154848754643,1.1981646715854408
"['MSFT', 'GOOGL', 'AMZN', 'JPM', 'V']",21735.490288391888,-0.3186678915036689,0.19006130478176889,0.7201068195080378,1.0953666908788913
"['AAPL', 'MSFT', 'GOOGL', 'AMZN', 'JPM', 'V']",21783.413193989043,-0.2897444550254548,0.19094372172362306,0.7197081480503019,1.0794354920049747
"['MSFT', 'GOOGL', 'TSLA', 'JPM', 'KO']",27835.0145514253,-0.4153132052805154,0.2931081115826492,0.7195112409358935,1.4652165758968159
"['MSFT', 'GOOGL', 'AMZN', 'JPM', 'PG']",20796.15102283632,-0.31125275590059465,0.17360013067746688,0.7189286233827343,1.1306277402903342
"['AAPL', 'MSFT', 'GOOGL', 'AMZN', 'JPM', 'PG']",21000.630472692734,-0.2936483533301342,0.17739623934124846,0.718368261862867,1.0813358409633649
"['AAPL', 'MSFT', 'AMZN', 'JPM', 'KO']",20742.06918724521,-0.252425067711025,0.17301236622349542,0.7167729113162733,1.18337162829362
"['MSFT', 'GOOGL', 'TSLA', 'JPM', 'V', 'KO']",26346.697091960865,-0.3819891584232408,0.26974136911331315,0.7165680243882397,1.4267484324704485
"['MSFT', 'GOOGL', 'AMZN', 'JPM', 'V', 'PG']",20480.977484803378,-0.2950615900363608,0.16856483379572684,0.7163451843354361,1.1543477298242828
"['AAPL', 'MSFT', 'GOOGL', 'TSLA', 'JPM', 'KO']",26866.35007985022,-0.38183474442313176,0.27918079033333076,0.7158130361710919,1.4586867017051162
"['AAPL', 'MSFT', 'GOOGL', 'AMZN', 'JPM', 'V', 'PG']",20701.27037582787,-0.28210808630917245,0.17302774014313319,0.7148179749698323,1.1443281669704137
"['AAPL', 'MSFT', 'GOOGL', 'TSLA', 'JPM']",29012.22537864659,-0.43800113712866945,0.3167155834608965,0.7146494612798898,1.463723428999431
"['AAPL', 'JPM', 'V', 'PG', 'KO']",19868.14329048647,-0.21354685321680433,0.15744050930700854,0.7144873208708712,1.4564551738692533
"['AAPL', 'MSFT', 'GOOGL', 'V', 'KO']",20781.621887442012,-0.23578342393969526,0.17445011955225267,0.714275137400613,1.263762227587586
"['AAPL', 'MSFT', 'GOOGL', 'TSLA', 'JPM', 'V', 'KO']",25729.030039105714,-0.3540946502470799,0.2608927792170839,0.7137766495680928,1.449118247059543
"['MSFT', 'GOOGL', 'TSLA', 'JPM', 'V', 'PG', 'KO']",24612.656574089426,-0.34486574892218813,0.24174565217947613,0.7135052830809286,1.4521483242685302
"['MSFT', 'GOOGL', 'TSLA', 'JPM', 'PG', 'KO']",25563.914370664555,-0.3720595069307382,0.25847383833511484,0.7130459950232146,1.451419272914657
"['MSFT', 'AMZN', 'JPM', 'V', 'KO']",20118.485601777982,-0.25199045361651196,0.16288628368827698,0.7124199918031549,1.2751041546980755
"['AAPL', 'GOOGL', 'AMZN', 'JPM', 'V', 'KO']",20702.741905668707,-0.25309347758035966,0.17378503434005219,0.7124108976617903,1.1138693702420537
"['MSFT', 'GOOGL', 'TSLA', 'JPM', 'V']",28388.641793179366,-0.436663646138538,0.3076585591660636,0.7121465935105556,1.3873081093299946
"['GOOGL', 'AMZN', 'JPM', 'V', 'KO']",20438.684742407488,-0.2705008904611133,0.16919843200133572,0.711669452689116,1.1386149892305673
"['AAPL', 'MSFT', 'GOOGL', 'TSLA', 'JPM', 'V', 'PG', 'KO']",24288.952967575104,-0.3295097446293562,0.23760120701427226,0.7106748014607518,1.4719084538211646
"['AAPL', 'MSFT', 'GOOGL', 'TSLA', 'JPM', 'PG', 'KO']",25058.07342085173,-0.351191338405255,0.2512227630056802,0.7103636010861911,1.5557782716839288
"['AAPL', 'MSFT', 'GOOGL', 'TSLA', 'JPM', 'V']",27327.706114645276,-0.3998955487574091,0.2910704267490698,0.7097276156132131,1.4070829229263309
"['MSFT', 'GOOGL', 'TSLA', 'JPM', 'PG']",27449.302527623797,-0.425220921050867,0.29346687895409485,0.7095775225880263,1.4078094697554817
"['AAPL', 'GOOGL', 'AMZN', 'JPM', 'PG', 'KO']",19919.959184372397,-0.2580732434842648,0.1603888403457775,0.7087901864573803,1.117702135333208
"['GOOGL', 'AMZN', 'JPM', 'PG', 'KO']",19499.345476851915,-0.267353107366658,0.15271676841209045,0.708013398580287,1.127305199270048
"['MSFT', 'GOOGL', 'TSLA', 'JPM', 'V', 'PG']",26025.27040545961,-0.39089076657475863,0.2696824259362551,0.7076026479255105,1.3709051903467389
"['AAPL', 'MSFT', 'GOOGL', 'TSLA', 'JPM', 'PG']",26544.923393348967,-0.3948829865119614,0.27931439611536696,0.7070268219028432,1.407602529263536
"['AAPL', 'GOOGL', 'TSLA', 'JPM', 'KO']",27715.41983266219,-0.3963830393255554,0.29976081921398673,0.7066376706101609,1.4582698067399722
"['AAPL', 'MSFT', 'AMZN', 'JPM', 'V', 'KO']",20435.909288477455,-0.24336562804207112,0.1705806681388105,0.7064852889884002,1.2015863250149204
"['AAPL', 'MSFT', 'GOOGL', 'TSLA', 'JPM', 'V', 'PG']",25453.521450676068,-0.36589088702681705,0.26074017617451556,0.7057928219961116,1.3887390760030616
"['GOOGL', 'TSLA', 'JPM', 'V', 'KO']",27091.836247194962,-0.3970077366320477,0.28998462119403606,0.704589175901639,1.3984279762649656
"['AAPL', 'GOOGL', 'TSLA', 'JPM', 'V', 'KO']",26247.03482632494,-0.36374106395872496,0.2761590866444451,0.7029956783027065,1.4776783824665523
"['AAPL', 'GOOGL', 'AMZN', 'JPM', 'V', 'PG', 'KO']",19774.980700124725,-0.2499106757135818,0.15952592417995046,0.702179041800259,1.1306615789831886
"['MSFT', 'AMZN', 'JPM', 'PG', 'KO']",19179.146336222413,-0.2561084254835216,0.14841349477204058,0.700710402345915,1.2984494288136161
"['AAPL', 'GOOGL', 'TSLA', 'JPM', 'V']",28269.047074416256,-0.4171393219271037,0.3140268952405721,0.7006464656296154,1.446619933232081
"['AAPL', 'GOOGL', 'AMZN', 'JPM', 'PG']",20676.55630407321,-0.29087276935853446,0.1774071668896736,0.7004058066698563,1.0468264549396726
"['GOOGL', 'TSLA', 'JPM', 'PG', 'KO']",26152.496981639393,-0.3855423861634047,0.276246434050699,0.7003531707522972,1.3955036596554025
"['GOOGL', 'AMZN', 'JPM', 'V', 'PG', 'KO']",19400.30619648304,-0.2561844925227496,0.15292951537799565,0.7001637980964103,1.1446312652354227
"['AAPL', 'GOOGL', 'AMZN', 'JPM', 'V']",21615.895569628778,-0.28607744783704864,0.19519298666012092,0.7000410361684516,1.0425734922456757
"['GOOGL', 'TSLA', 'JPM', 'V', 'PG', 'KO']",24944.599117139274,-0.353661026057663,0.2546098549216132,0.6999996689372369,1.4449363135988094
"['AAPL', 'GOOGL', 'TSLA', 'JPM', 'PG', 'KO']",25464.25210502863,-0.35920026771007174,0.2647365605995352,0.6989442702449774,1.5121784508286713
"['AAPL', 'GOOGL', 'TSLA', 'JPM', 'V', 'PG', 'KO']",24527.23177497292,-0.3344025687274985,0.2477862218990436,0.6988549194636664,1.4705099527471799
"['AAPL', 'MSFT', 'AMZN', 'JPM', 'PG', 'KO']",19653.126567181145,-0.24881779990187117,0.15841519072131688,0.6976789666175424,1.2545238951764281
"['AAPL', 'GOOGL', 'TSLA', 'JPM', 'PG']",27329.707808860687,-0.4111531039551205,0.2997497311698572,0.6973826895474928,1.4047240244139716
"['AAPL', 'GOOGL', 'AMZN', 'JPM', 'V', 'PG']",20381.315219167453,-0.27762982472576964,0.17304110493088115,0.6962537720308198,1.083128025939956
"['AAPL', 'MSFT', 'AMZN', 'JPM', 'V']",21295.696428999276,-0.2763476079011559,0.1903482038071196,0.6961862338535054,1.109776405398588
"['AAPL', 'MSFT', 'TSLA', 'JPM', 'KO']",27395.220692032686,-0.3824595536843399,0.3009394357407561,0.6956219509225647,1.680159383238168
"['MSFT', 'GOOGL', 'V', 'PG', 'KO']",19218.699036419213,-0.23805019420069515,0.15059902983255366,0.6953994361027741,1.3124784697347174
"['GOOGL', 'TSLA', 'JPM', 'V', 'PG']",26706.124223393457,-0.4072750030119907,0.2897134594824944,0.6951654283113621,1.3659075625776849
"['AAPL', 'GOOGL', 'TSLA', 'JPM', 'V', 'PG']",25925.608139823686,-0.37588506176702613,0.2758154781400277,0.6946308026605313,1.4076329652246113
"['AAPL', 'MSFT', 'GOOGL', 'V', 'PG', 'KO']",19686.087150678482,-0.23468740099833157,0.15999239631772863,0.6943448908567692,1.2506781130851592
"['AAPL', 'MSFT', 'GOOGL', 'V', 'PG']",20395.909863640507,-0.2641506992422471,0.17402623664179132,0.693474249888916,1.2203137296021336
"['MSFT', 'TSLA', 'JPM', 'V', 'KO']",26771.637106565457,-0.3777857431673229,0.2908654951180716,0.6932707204690499,1.6596762679813095
"['AAPL', 'MSFT', 'TSLA', 'JPM', 'V', 'KO']",25980.202209133684,-0.3473221129644298,0.2768164932050202,0.6932511932520267,1.7227540609948588
"['AAPL', 'MSFT', 'GOOGL', 'PG', 'KO']",19842.282621886443,-0.24201492919493856,0.16354110301392497,0.6925638172103273,1.325957467815788
"['AAPL', 'MSFT', 'AMZN', 'JPM', 'PG']",20356.357163443707,-0.2816858866586979,0.1738143638594257,0.6920931035398876,1.1697409543869874
"['GOOGL', 'AMZN', 'JPM', 'V', 'PG']",20052.972718605983,-0.29229208819481406,0.1683262384307887,0.6913413362582996,1.062308035155773
"['AAPL', 'MSFT', 'AMZN', 'JPM', 'V', 'PG', 'KO']",19546.267028246508,-0.24135348834329992,0.15827050868805323,0.6910167615660715,1.2315035626313386
"['MSFT', 'AMZN', 'JPM', 'V', 'PG', 'KO']",19133.47357929179,-0.24592726963039413,0.15025915576679974,0.6905762235258819,1.2930314667476879
"['AAPL', 'MSFT', 'TSLA', 'JPM', 'V']",27948.84793378675,-0.4036921691139579,0.31516187471410123,0.6903579297240265,1.624759795084018
"['AAPL', 'MSFT', 'TSLA', 'JPM', 'V', 'PG', 'KO']",24298.518103094702,-0.32054655623329736,0.24847375190244603,0.6889239512948606,1.6951720473634964
"['MSFT', 'TSLA', 'JPM', 'V', 'PG', 'KO']",24677.76649994802,-0.33469518063422804,0.2554329735850667,0.688593302557972,1.7047752264240452
"['AAPL', 'MSFT', 'TSLA', 'JPM', 'PG', 'KO']",25197.419487837375,-0.3448886090454904,0.2657788209553852,0.687915274359942,1.727127951821012
"['AAPL', 'MSFT', 'AMZN', 'JPM', 'V', 'PG']",20114.4826019762,-0.2690148464113231,0.17055768687710482,0.6874855697844267,1.1954001545212602
"['MSFT', 'TSLA', 'JPM', 'PG', 'KO']",25832.297841009888,-0.36601790349009367,0.2776696234334046,0.687318187122593,1.6393752823173147
"['MSFT', 'AMZN', 'JPM', 'V', 'PG']",19732.773577976477,-0.28210632785423084,0.1632864048549224,0.6866462933246851,1.1958638261681485
"['AAPL', 'MSFT', 'TSLA', 'JPM', 'PG']",27009.50866823118,-0.3977502066576048,0.3012613627490175,0.6858239341692963,1.597507114374963
"['AAPL', 'MSFT', 'TSLA', 'JPM', 'V', 'PG']",25658.77552263243,-0.36185787490198296,0.2767515452731583,0.6843498384937737,1.6342283294114244
"['MSFT', 'TSLA', 'JPM', 'V', 'PG']",26385.92508276395,-0.388369330800019,0.29101077791034974,0.6831063012325865,1.5677374036515486
"['AAPL', 'TSLA', 'JPM', 'V', 'KO']",26652.042387802347,-0.3568822191819948,0.29921231716161656,0.678596868016387,1.6298916276569204
"['AAPL', 'MSFT', 'GOOGL', 'AMZN', 'TSLA', 'JPM', 'V', 'KO']",24370.670212905352,-0.365450263656298,0.25746091402070065,0.6772411427304563,1.2955464515559763
"['AAPL', 'MSFT', 'GOOGL', 'AMZN', 'TSLA', 'JPM', 'KO']",25151.464558372023,-0.39372689796175697,0.2735058153426925,0.6762711722455594,1.3289347771174826
"['MSFT', 'GOOGL', 'AMZN', 'TSLA', 'JPM', 'V', 'KO']",24706.047711609717,-0.3922617370026609,0.26475788514078263,0.676059474557071,1.3025187789130945
"['AAPL', 'MSFT', 'GOOGL', 'AMZN', 'TSLA', 'JPM', 'V', 'PG', 'KO']",23241.53057445596,-0.3411900392260187,0.23632731904195908,0.6753803207174613,1.3290221688001065
"['MSFT', 'GOOGL', 'AMZN', 'TSLA', 'JPM', 'KO']",25672.870697771556,-0.42334713815027736,0.2847301735198232,0.6750563972094643,1.3344281044723663
"['MSFT', 'GOOGL', 'AMZN', 'TSLA', 'JPM', 'V', 'PG', 'KO']",23393.843431016103,-0.3572792993727008,0.2398124838723075,0.6744231612318812,1.3067728915931422
"['AAPL', 'AMZN', 'JPM', 'V', 'KO']",19998.890883014872,-0.2288181286210126,0.17287858585673327,0.67333469712538,1.1552804571383033
"['AAPL', 'MSFT', 'GOOGL', 'AMZN', 'TSLA', 'JPM', 'PG', 'KO']",23783.58317193312,-0.36205898800009473,0.2485773316696691,0.6727150465150731,1.3005362098110804
"['AAPL', 'MSFT', 'GOOGL', 'AMZN', 'TSLA', 'JPM']",26653.879720455967,-0.4457002525101722,0.3065387947444357,0.6724820736110452,1.3243282932892029
"['AAPL', 'TSLA', 'JPM', 'V', 'PG', 'KO']",24578.104234312093,-0.3250490237495237,0.2632319459892797,0.6723430172151372,1.6837837283523678
"['AAPL', 'TSLA', 'JPM', 'PG', 'KO']",25712.703122246778,-0.3534276335265146,0.285867096172014,0.6719363281270035,1.9069725894529885
"['AAPL', 'MSFT', 'GOOGL', 'AMZN', 'TSLA', 'JPM', 'V']",25546.91258819636,-0.41036420634888227,0.28465514946097353,0.6715494905897348,1.2909978244758082
"['MSFT', 'GOOGL', 'AMZN', 'TSLA', 'JPM']",27580.050120152195,-0.4818254783248898,0.32659904331590184,0.6715382249023445,1.2869942141998372
"['MSFT', 'GOOGL', 'AMZN', 'TSLA', 'JPM', 'PG', 'KO']",24035.091093355735,-0.38310602173907526,0.2545716232478557,0.6710640349867119,1.3238431519733576
"['MSFT', 'GOOGL', 'AMZN', 'TSLA', 'JPM', 'V']",26134.22673256661,-0.4427922445480613,0.298121423516699,0.6695523735454694,1.276420433558403
"['AAPL', 'TSLA', 'JPM', 'V', 'PG']",26266.33036400084,-0.37311734573636274,0.2989729017504692,0.6691686391282826,1.616395797375656
"['AAPL', 'MSFT', 'GOOGL', 'AMZN', 'TSLA', 'JPM', 'V', 'PG']",24129.600198029413,-0.37578126583194005,0.25769891174059606,0.6690982946306151,1.2639736298954571
"['TSLA', 'JPM', 'V', 'PG', 'KO']",25089.11953677955,-0.3436608058955805,0.27527186651815716,0.6687655080420134,1.6736624418641115
"['AAPL', 'MSFT', 'GOOGL', 'AMZN', 'TSLA', 'JPM', 'PG']",24875.955969942377,-0.4056343719602698,0.2740449632157297,0.6674179989657667,1.2863750815796446
"['MSFT', 'GOOGL', 'AMZN', 'TSLA', 'JPM', 'V', 'PG']",24430.53912318007,-0.4004444506866423,0.2651960935343301,0.6668914508485854,1.2594555980871118
"['MSFT', 'GOOGL', 'AMZN', 'TSLA', 'JPM', 'PG']",25351.4440112703,-0.4323706783421325,0.28560500046386167,0.6650374538673426,1.2593202638607093
"['AAPL', 'GOOGL', 'AMZN', 'TSLA', 'JPM', 'V', 'KO']",24620.62291249321,-0.37556686000018735,0.27031111402574504,0.6646189362814423,1.2986376753035809
"['AAPL', 'GOOGL', 'AMZN', 'TSLA', 'JPM', 'KO']",25573.20843213563,-0.4083373898885575,0.29037788835636874,0.6642783992775697,1.3388290578677629
"['AAPL', 'MSFT', 'GOOGL', 'TSLA', 'KO']",26626.18171920232,-0.4138882484605089,0.31161330406633636,0.6640164670646861,1.5237390521189154
"['AAPL', 'MSFT', 'GOOGL', 'TSLA', 'V', 'KO']",25339.336398441716,-0.37935791944154396,0.2853489430334076,0.6633625007636985,1.5116770734233314
"['AAPL', 'GOOGL', 'AMZN', 'TSLA', 'JPM']",27460.455401389085,-0.46872351497680825,0.3319732095907552,0.662631564932659,1.3277580305188998
"['AAPL', 'AMZN', 'JPM', 'PG', 'KO']",19059.551617459303,-0.23594199990030304,0.1569571251293715,0.6623709488153287,1.1702833454454042
"['AAPL', 'GOOGL', 'AMZN', 'TSLA', 'JPM', 'V', 'PG', 'KO']",23319.096731789163,-0.3469416682185411,0.24508223844210647,0.6621262446345251,1.3254973920249866
"['AAPL', 'GOOGL', 'V', 'PG', 'KO']",19099.104317656103,-0.2192696501969331,0.15787553542511346,0.662125506276662,1.1665732145520862
"['GOOGL', 'AMZN', 'TSLA', 'JPM', 'KO']",26283.244574167795,-0.4440431903124217,0.3072880347773082,0.6619733340109987,1.3094734977128923
"['GOOGL', 'AMZN', 'TSLA', 'JPM', 'V', 'KO']",25053.555444246274,-0.40715209532254354,0.2812699783145885,0.6617517852859572,1.2802744711542584
"['AAPL', 'MSFT', 'GOOGL', 'TSLA', 'V']",27179.808960956383,-0.43501257475108773,0.32536571222532273,0.6617075361718092,1.4683621971735978
"['MSFT', 'GOOGL', 'TSLA', 'V', 'KO']",26002.598133735093,-0.4095348917933066,0.3002799676534333,0.661676491893429,1.4508472705965587
"['AAPL', 'GOOGL', 'AMZN', 'TSLA', 'JPM', 'V']",26034.564466930686,-0.4272321479652952,0.30356618808553826,0.6598098857124733,1.3084602886439514
"['AAPL', 'GOOGL', 'AMZN', 'TSLA', 'JPM', 'PG', 'KO']",23949.66629423923,-0.37064019631071665,0.2599519262025093,0.6593136133445726,1.316855551131556
"['GOOGL', 'AMZN', 'TSLA', 'JPM', 'V', 'PG', 'KO']",23504.249447476923,-0.3667598455949008,0.2505987664379371,0.6592249690782258,1.2622265867239557
"['AAPL', 'MSFT', 'GOOGL', 'TSLA', 'V', 'PG', 'KO']",23749.204551073013,-0.3501991274888785,0.25596313102971874,0.6581274223173218,1.4604819182238178
"['AAPL', 'AMZN', 'JPM', 'V', 'PG', 'KO']",19033.811313655864,-0.228721425115593,0.1581202038513266,0.6568008420607477,1.1838420154148273
"['GOOGL', 'AMZN', 'TSLA', 'JPM', 'V']",26836.87181592186,-0.46657573179534484,0.3237215977415815,0.6567668631637563,1.271764369661556
"['AAPL', 'MSFT', 'AMZN', 'TSLA', 'JPM', 'V', 'KO']",24391.909240614994,-0.3622789443201373,0.27029943894903413,0.6565703478358249,1.4905385016050374
"['AAPL', 'GOOGL', 'AMZN', 'TSLA', 'JPM', 'V', 'PG']",24345.114324063565,-0.3869868463723691,0.27047891647521727,0.6560218849639328,1.2674408379977968
"['GOOGL', 'AMZN', 'TSLA', 'JPM', 'PG', 'KO']",24270.772722949965,-0.3967081719170036,0.26908245832397026,0.6557983268147559,1.282831718312531
"['MSFT', 'GOOGL', 'TSLA', 'V', 'PG', 'KO']",24036.90068925605,-0.3643667633497491,0.26356810233334926,0.6554709603363255,1.4629853547444287
"['AAPL', 'MSFT', 'AMZN', 'TSLA', 'JPM', 'KO']",25306.37581494438,-0.39613904386532045,0.290658682211162,0.6552809732517096,1.5154153171644136
"['AAPL', 'GOOGL', 'AMZN', 'TSLA', 'JPM', 'PG']",25251.781745634376,-0.421662240463135,0.29090797655110123,0.654890260047215,1.291664277253025
"['AAPL', 'MSFT', 'GOOGL', 'TSLA', 'PG', 'KO']",24556.553677145406,-0.3763943272111284,0.27511902838201835,0.6548879682682023,1.5075427273449697
"['AAPL', 'MSFT', 'GOOGL', 'TSLA', 'V', 'PG']",25017.90971194046,-0.3933871111703594,0.28567447930282336,0.6540244131400805,1.45061935567528
"['AAPL', 'MSFT', 'AMZN', 'TSLA', 'JPM', 'V', 'PG', 'KO']",23118.972268895723,-0.3345094169490601,0.24520285342764764,0.6538827675340202,1.5114136780580585
"['AAPL', 'MSFT', 'GOOGL', 'TSLA', 'PG']",26240.469695400814,-0.4286859652850221,0.3124322327763274,0.653834179955047,1.4555627809017377
"['AAPL', 'MSFT', 'AMZN', 'TSLA', 'JPM']",27140.256260759586,-0.4572464899028487,0.3327255034131172,0.6530973258467413,1.4726130279330965
"['MSFT', 'AMZN', 'TSLA', 'JPM', 'V', 'KO']",24786.722827055022,-0.3902422335089307,0.2811771044885708,0.6527030252203335,1.432440569409201
"['AAPL', 'AMZN', 'JPM', 'V', 'PG']",19613.178859213367,-0.2603359458132324,0.17220602995819534,0.652116871347273,1.1335934519604474
"['GOOGL', 'AMZN', 'TSLA', 'JPM', 'V', 'PG']",24732.12875774502,-0.41647374205680265,0.28167458691883457,0.6520168090947424,1.251904538448712
"['MSFT', 'GOOGL', 'TSLA', 'PG', 'KO']",25063.258868179524,-0.397780728389634,0.28817294954786904,0.6518251000780434,1.396867842577903
"['MSFT', 'AMZN', 'TSLA', 'JPM', 'KO']",25963.04543353829,-0.4269868434168376,0.3076861597199878,0.6515597304473604,1.4544116923048316
"['AAPL', 'MSFT', 'AMZN', 'TSLA', 'JPM', 'V']",25767.731849739434,-0.4154304208309541,0.3038087121021885,0.6513503440806525,1.416169378319245
"['GOOGL', 'AMZN', 'TSLA', 'JPM', 'PG']",25897.53255036629,-0.45447824464309516,0.30824967186440505,0.6512921812191802,1.2599391929930313
"['MSFT', 'GOOGL', 'TSLA', 'V', 'PG']",25616.886109933588,-0.4200383672925128,0.30095976127519203,0.6510143350500431,1.367264584518043
"['AAPL', 'MSFT', 'AMZN', 'TSLA', 'JPM', 'PG', 'KO']",23720.952622361012,-0.35797487227038305,0.2602776870390833,0.6502329734100499,1.4578789829827397
"['MSFT', 'AMZN', 'TSLA', 'JPM', 'V', 'PG', 'KO']",23275.535775598706,-0.3499772299954623,0.25064516624797395,0.6500218565977314,1.432295761585046
"['AAPL', 'GOOGL', 'TSLA', 'V', 'KO']",25883.003414971983,-0.3966202866938409,0.3073716401986691,0.649803739565538,1.5011639836301038
"['AAPL', 'MSFT', 'AMZN', 'TSLA', 'JPM', 'V', 'PG']",24116.400652185348,-0.37512065062064137,0.2707235781459319,0.6475018247266353,1.42342942313008
"['MSFT', 'AMZN', 'TSLA', 'JPM', 'V']",26516.672675292353,-0.45020769771159536,0.3240834725447188,0.6470537451817432,1.420645708864094
"['AAPL', 'MSFT', 'AMZN', 'TSLA', 'JPM', 'PG']",24984.949128443124,-0.40988629602085075,0.2914948336409285,0.6454087143948473,1.419604597468644
"['MSFT', 'AMZN', 'TSLA', 'JPM', 'PG', 'KO']",24003.940105758713,-0.37954534621948366,0.2694586720283966,0.6454077196162868,1.4316141251021677
"['MSFT', 'AMZN', 'TSLA', 'JPM', 'V', 'PG']",24465.296140553768,-0.3998250179630538,0.28195403551179005,0.6423308074788389,1.3757909036047156
"['AAPL', 'GOOGL', 'TSLA', 'V', 'PG', 'KO']",23937.238423620125,-0.3584331539090791,0.2703176835499532,0.6422160476455069,1.460974094920394
"['AAPL', 'AMZN', 'TSLA', 'JPM', 'V', 'KO']",24687.060561419097,-0.37390976827470196,0.28832415283511315,0.6402502781267261,1.4714162032570501
"['MSFT', 'AMZN', 'TSLA', 'JPM', 'PG']",25577.333409736784,-0.4418931606338147,0.3091123949289773,0.640222336213551,1.442160628272896
"['AAPL', 'AMZN', 'TSLA', 'JPM', 'KO']",25843.450714775183,-0.413697745162842,0.3150280553604131,0.6400805741226012,1.47696528575428
"['AMZN', 'JPM', 'V', 'PG', 'KO']",18435.968031992074,-0.2307551895019853,0.15017621221425745,0.6398930575593498,1.2175738568726808
"['AAPL', 'GOOGL', 'TSLA', 'V', 'PG']",25497.291391170478,-0.40885598010505264,0.307605019522978,0.6398534794356824,1.4374066142715811
"['AAPL', 'MSFT', 'GOOGL', 'AMZN', 'V', 'KO']",19795.043477785483,-0.2519438282465982,0.180989240202183,0.6397522267863234,1.0916696735958198
"['AAPL', 'GOOGL', 'TSLA', 'PG', 'KO']",24943.664149416414,-0.3891657255953787,0.29502751617079964,0.6396431192315832,1.4952707046169316
"['AAPL', 'MSFT', 'TSLA', 'V', 'KO']",25562.804274342478,-0.37805347953360285,0.30913303464995,0.6381727839432033,1.6534551895391734
"['GOOGL', 'TSLA', 'V', 'PG', 'KO']",24320.080563949185,-0.3775752147981513,0.28253379415117685,0.6371813238184096,1.403646154205384
"['AAPL', 'AMZN', 'TSLA', 'JPM', 'V']",26397.077956529247,-0.4360891701609452,0.33106702498468266,0.6369044248970062,1.4106841758585076
"['AAPL', 'AMZN', 'TSLA', 'JPM', 'V', 'PG', 'KO']",23190.1109764822,-0.3403134577179618,0.25737661317361016,0.6363719481958247,1.5064739948941046
"['AAPL', 'MSFT', 'V', 'PG', 'KO']",18778.9051770266,-0.20576154530383367,0.15972191749614267,0.6342214445829938,1.2126983188100064
"['AMZN', 'TSLA', 'JPM', 'V', 'KO']",25219.867129307953,-0.40776900922133785,0.3056849398257204,0.6338106738799671,1.44628222752736
"['AAPL', 'AMZN', 'TSLA', 'JPM', 'PG', 'KO']",23904.277840122788,-0.36885198284706117,0.2764135742477527,0.632543355351034,1.4341513694209578
"['AAPL', 'MSFT', 'GOOGL', 'AMZN', 'V', 'PG', 'KO']",18996.953476224815,-0.24460403538731984,0.16591358896365482,0.6313612941466502,1.1116209714983927
"['MSFT', 'GOOGL', 'AMZN', 'V', 'KO']",19349.446628947615,-0.25371788281321267,0.17420779698192798,0.6312974329970525,1.1182272264425879
"['AAPL', 'AMZN', 'TSLA', 'JPM', 'V', 'PG']",24365.633874917843,-0.38841609701582386,0.28873820785622617,0.630587537646748,1.4019479919533668
"['AAPL', 'MSFT', 'TSLA', 'V', 'PG', 'KO']",23670.40580642887,-0.3434441022269015,0.2718679344190828,0.6305182722959549,1.6085684510819698
"['AAPL', 'AMZN', 'TSLA', 'JPM', 'PG']",25457.738690973678,-0.4293694764375478,0.3159716153899862,0.6295228908233365,1.4158894310903605
"['AMZN', 'TSLA', 'JPM', 'V', 'PG', 'KO']",23384.62485223343,-0.3601303804673727,0.26641144761675706,0.6292847582090547,1.4121527812133765
"['AAPL', 'MSFT', 'GOOGL', 'AMZN', 'KO']",19973.030214414845,-0.2808456820397605,0.18949035807723816,0.6289336833576473,1.0350109242273584
"['AAPL', 'MSFT', 'GOOGL', 'AMZN', 'TSLA', 'V', 'KO']",23842.595688593305,-0.389304530348544,0.2791167390873131,0.6280751074068815,1.3704215695019548
"['AAPL', 'MSFT', 'TSLA', 'V', 'PG']",25177.092250540973,-0.3938505788238929,0.3097354825315618,0.6277331035441521,1.5352368436574417
"['AAPL', 'MSFT', 'TSLA', 'PG', 'KO']",24623.46500878691,-0.3737459375991111,0.2973091606820517,0.6266248532866664,1.669661564703427
"['AAPL', 'MSFT', 'GOOGL', 'AMZN', 'TSLA', 'KO']",24665.510004252406,-0.42421291272202183,0.3014316285385092,0.625356290167317,1.3793824568829935
"['AAPL', 'MSFT', 'GOOGL', 'AMZN', 'TSLA']",26371.21728792922,-0.48647334435992823,0.34554775577885716,0.6248964503924213,1.3677302533623075
"['AMZN', 'TSLA', 'JPM', 'PG', 'KO']",24280.527863752384,-0.39527062302465776,0.2912872764714837,0.6246880942775209,1.4216286252007724
"['AAPL', 'MSFT', 'GOOGL', 'AMZN', 'TSLA', 'V', 'PG', 'KO']",22638.322910876745,-0.3615361228327786,0.2529831312214834,0.6246563286931391,1.334849451552897
"['AAPL', 'MSFT', 'GOOGL', 'AMZN', 'TSLA', 'V']",25126.86603904746,-0.44340919419273606,0.3142152478349043,0.6239785741025922,1.3332118862776638
"['MSFT', 'TSLA', 'V', 'PG', 'KO']",23999.88142331968,-0.35756719904113815,0.28465909474343354,0.6232781177060813,1.615069914606525
"['AAPL', 'MSFT', 'GOOGL', 'AMZN', 'V']",20526.65745616891,-0.30617057682696647,0.20519070552936045,0.62312694308982,0.9981565037122128
"['AMZN', 'TSLA', 'JPM', 'V', 'PG']",24834.15510550645,-0.4189519250433728,0.30658451770719625,0.6226736135274746,1.3518789787735048
"['MSFT', 'GOOGL', 'AMZN', 'TSLA', 'V', 'KO']",24145.85701636305,-0.418593761025127,0.29113031937405026,0.6223198455814081,1.3049616875327286
"['MSFT', 'GOOGL', 'AMZN', 'V', 'PG', 'KO']",18492.607768599817,-0.24971510492837645,0.157555496742861,0.6214939104939414,1.1872963076996976
"['MSFT', 'GOOGL', 'AMZN', 'TSLA', 'KO']",25194.006460707922,-0.457722382076941,0.3202044640424756,0.6198815660443273,1.3295685315570624
"['AAPL', 'MSFT', 'GOOGL', 'AMZN', 'V', 'PG']",19473.61679128423,-0.27209174983991896,0.1815671716445351,0.6197781290427213,1.0795760882867305
"['AAPL', 'MSFT', 'GOOGL', 'AMZN', 'PG', 'KO']",19012.260756489173,-0.2521692881893163,0.1705283426621157,0.619671369928452,1.0813702924938187
"['AAPL', 'MSFT', 'GOOGL', 'AMZN', 'TSLA', 'PG', 'KO']",23171.639070339323,-0.38641940557501386,0.26974474492193345,0.61919419565466,1.3661203346283095
"['AAPL', 'MSFT', 'GOOGL', 'AMZN', 'TSLA', 'V', 'PG']",23567.08710016366,-0.402112589997763,0.27984908333165137,0.6188213635836212,1.3184511488140762
"['MSFT', 'GOOGL', 'AMZN', 'TSLA', 'V']",25747.633702461986,-0.4805359509303872,0.3361633450634632,0.6185288566557211,1.2899314172150091
"['MSFT', 'GOOGL', 'AMZN', 'TSLA', 'V', 'PG', 'KO']",22726.222223577017,-0.3766765064390641,0.2592783644879639,0.6184682153291841,1.286501188268656
"['AAPL', 'MSFT', 'GOOGL', 'AMZN', 'TSLA', 'PG']",24344.083317751152,-0.43756008903558874,0.30264850345872385,0.6153803154484944,1.3219211003678148
"['AAPL', 'GOOGL', 'AMZN', 'TSLA', 'V', 'KO']",24046.194750727125,-0.40488737569767175,0.29711634823230537,0.6123531436735007,1.3283465770819025
"['MSFT', 'GOOGL', 'AMZN', 'TSLA', 'PG', 'KO']",23363.07429506674,-0.40908962157789086,0.28024751067194786,0.611953345473066,1.2884986849473765
"['MSFT', 'GOOGL', 'AMZN', 'TSLA', 'V', 'PG']",23824.430329861796,-0.42901102480685305,0.2923127200151856,0.6117967779928604,1.2570055754375302
"['AAPL', 'GOOGL', 'AMZN', 'TSLA', 'KO']",25074.411741944812,-0.4452417552118685,0.3260688981912869,0.6109308200252163,1.3617383645781964
"['AAPL', 'GOOGL', 'AMZN', 'TSLA', 'V']",25628.038983698876,-0.4674914447501874,0.34168433320590563,0.6105359176063457,1.315040157271716
"['AAPL', 'TSLA', 'V', 'PG', 'KO']",23880.286704556573,-0.35598253988028744,0.2934412772471114,0.6094004080569416,1.6095929714367991
"['MSFT', 'GOOGL', 'AMZN', 'TSLA', 'PG']",24808.294436906417,-0.4730867723170529,0.3221507049991443,0.6085336910356579,1.2631917460726423
"['AAPL', 'GOOGL', 'AMZN', 'TSLA', 'V', 'PG', 'KO']",22640.79742446051,-0.37040175028319855,0.26503677741727166,0.6074289964151652,1.333461366717741
"['AAPL', 'GOOGL', 'AMZN', 'V', 'KO']",19229.851910184505,-0.24438184455601952,0.18171512252780597,0.6051537315226825,0.9864490855785615
"['GOOGL', 'AMZN', 'TSLA', 'V', 'KO']",24450.828156477586,-0.439931420150352,0.3154064016620652,0.6047347640053726,1.2742102513669151
"['MSFT', 'GOOGL', 'AMZN', 'V', 'PG']",18963.73460514611,-0.2848141403598191,0.17548678475472546,0.6043622546204045,1.055405270941069
"['AAPL', 'MSFT', 'GOOGL', 'AMZN', 'PG']",19587.31819061334,-0.3035928823753264,0.19115163759278916,0.604150108041401,0.9986050899413061
"['AAPL', 'MSFT', 'AMZN', 'TSLA', 'V', 'KO']",23779.362133535873,-0.3909044501458243,0.2978116223353023,0.6027636929904319,1.4479101883480414
"['AAPL', 'GOOGL', 'AMZN', 'TSLA', 'V', 'PG']",23724.76806422587,-0.41798768154227467,0.29789476961498956,0.6024713750636834,1.2757044404867424
"['MSFT', 'GOOGL', 'AMZN', 'PG', 'KO']",18410.107363392046,-0.2599738603778034,0.16231914366981556,0.6021716388734044,1.0444280887707327
"['AAPL', 'GOOGL', 'AMZN', 'TSLA', 'PG', 'KO']",23263.412029430816,-0.3992793248759926,0.2859833302762077,0.6018364784058653,1.3553378154340905
"['AAPL', 'MSFT', 'AMZN', 'TSLA', 'V']",25307.839843069378,-0.4552578108170514,0.3429515136056647,0.6005306471752764,1.4101750972935867
"['AAPL', 'GOOGL', 'AMZN', 'TSLA', 'PG']",24688.699718143307,-0.4603949059523521,0.3274766127012912,0.6002510378912876,1.301878293507632
"['AAPL', 'MSFT', 'AMZN', 'TSLA', 'KO']",24754.212601315314,-0.4324451475219177,0.327407302847971,0.6002011653103492,1.450738863391453
"['GOOGL', 'AMZN', 'TSLA', 'V', 'PG', 'KO']",22743.75904154146,-0.39021038884291326,0.2747077690647286,0.5985300220474616,1.2643131527991216
"['AAPL', 'MSFT', 'AMZN', 'TSLA', 'V', 'PG', 'KO']",22412.083752582294,-0.3570986231728411,0.2657394205471225,0.5977293863320815,1.4982500801596808
"['AAPL', 'GOOGL', 'AMZN', 'V', 'PG', 'KO']",18392.945502963892,-0.23307170792894844,0.16379475735930848,0.596942487602952,1.01954948972264
"['MSFT', 'AMZN', 'TSLA', 'V', 'KO']",24130.62901584808,-0.42181858587983345,0.31636432543835485,0.5935727550103642,1.4598637875361848
"['GOOGL', 'AMZN', 'TSLA', 'V', 'PG']",24065.11613267608,-0.45227186676091163,0.3167966259912414,0.5934288377566659,1.2252026819677517
"['AAPL', 'MSFT', 'AMZN', 'V', 'KO']",18909.652769555003,-0.22092676027905767,0.1784868630336101,0.5930627631638405,1.1220897596008381
"['AAPL', 'MSFT', 'AMZN', 'TSLA', 'V', 'PG']",23457.93544703462,-0.4054379017689221,0.29892372666434625,0.5924476881278014,1.3854193910323405
"['GOOGL', 'AMZN', 'TSLA', 'PG', 'KO']",23511.488890922017,-0.42903420791140323,0.3020227841818031,0.5922344070431459,1.254530824256917
"['AAPL', 'MSFT', 'AMZN', 'TSLA', 'PG', 'KO']",22996.579412239564,-0.38568163198306926,0.2871303371755969,0.5911246659871202,1.4231199122652975
"['AAPL', 'MSFT', 'AMZN', 'TSLA', 'PG']",24368.50057751381,-0.4481475830163495,0.3292258822910765,0.589106146279202,1.3889713141803228
"['MSFT', 'AMZN', 'TSLA', 'V', 'PG', 'KO']",22476.926424350208,-0.3727427894183934,0.27557194089373055,0.5873433174322024,1.3987164254209228
"['AAPL', 'AMZN', 'TSLA', 'V', 'KO']",24011.034297084974,-0.41214954512953667,0.32407443641904204,0.5834173190445492,1.4330486042605142
"['AAPL', 'GOOGL', 'AMZN', 'V', 'PG']",18844.139886383,-0.2689025715658899,0.18174831525534854,0.5822282737434706,1.078069452754483
"['MSFT', 'AMZN', 'TSLA', 'V', 'PG']",23744.916992046576,-0.4387780662506626,0.31827708035072816,0.581681595152412,1.3774423153942643
"['AAPL', 'MSFT', 'AMZN', 'V', 'PG', 'KO']",18126.11288577264,-0.2220816481490048,0.16322198470205743,0.579713056886364,1.1196480632374883
"['MSFT', 'AMZN', 'TSLA', 'PG', 'KO']",23191.28975029251,-0.41493047878020767,0.3036602574827981,0.5795700879171088,1.403791356611153
"['AAPL', 'GOOGL', 'AMZN', 'PG', 'KO']",18290.512644628936,-0.24362486755471505,0.16814342038587446,0.5788670983906506,0.9872549252184738
"['AAPL', 'AMZN', 'TSLA', 'V', 'PG', 'KO']",22377.264158714283,-0.3687598459718522,0.2829828422616099,0.5756705624654329,1.5295769841094493
"['GOOGL', 'AMZN', 'V', 'PG', 'KO']",17666.92905916171,-0.23620061813090593,0.1526623703165262,0.5752690697267945,1.0091391310911102
"['AAPL', 'AMZN', 'TSLA', 'V', 'PG']",23625.32227328347,-0.42549951541084513,0.32539633479062746,0.5723147810803108,1.3657171038229543
"['AAPL', 'AMZN', 'TSLA', 'PG', 'KO']",23071.695031529405,-0.4022790623164228,0.311061786129869,0.569242547775871,1.3649894860348615
"['AAPL', 'MSFT', 'AMZN', 'V', 'PG']",18523.940745753498,-0.2526243865244781,0.17959095327616292,0.5668841298571601,1.0985552199858688
"['AMZN', 'TSLA', 'V', 'PG', 'KO']",22448.111446062176,-0.3904031612260254,0.2991178875247693,0.5612171503630394,1.3305050796207583
"['AAPL', 'MSFT', 'AMZN', 'PG', 'KO']",17970.313503999434,-0.22833898141120537,0.16700246466903254,0.5595089184730023,1.1468840280185555
"['MSFT', 'AMZN', 'V', 'PG', 'KO']",17346.729918532204,-0.22218844962012196,0.15028488560303652,0.5565282060035307,1.06634886781301
"['AAPL', 'AMZN', 'V', 'PG', 'KO']",17227.135199769094,-0.20182997209771492,0.16253041521782266,0.5171777559491123,1.0069959195226528
